Feature1,Feature2,Feature3,Feature4,Feature5,ClassLabel
1.8528104691935328,1.5800314416734447,1.695747596821148,1.9481786398402916,1.8735115980299935,1.0
1.3045444240247177,1.690017683505118,1.4697285583404605,1.4793562296412883,1.5821197003876746,1.0
1.5288087142321756,1.790854701392595,1.6522075450293987,1.5243350032985656,1.5887726465490852,1.0
1.5667348654748534,1.7988158146315212,1.4589683472468398,1.5626135403301802,1.329180852139655,1.0
0.9894020368331843,1.6307237190880721,1.6728872397719012,1.3515669959187115,1.9539509247975215,1.0
1.209126865080247,1.5091517034602893,1.4625632299948332,1.8065558428716915,1.793871753980057,1.0
1.5309894851393833,1.5756325039204346,1.3224428504739774,1.1038407063552147,1.4304175701347694,1.0
1.531269793820796,1.7460581361455443,1.7404759697568823,1.4225346365184095,1.439539449884933,1.0
1.2902894069865813,1.2159964125642049,1.1587459618749976,1.890155079046358,1.3980695636496694,1.0
1.4123851396777627,1.2494409279900147,1.655498071166382,1.1772204304884097,1.4574519439572062,1.0
1.3209066877612647,1.5773804995718523,1.3978389724862255,1.2638735631755176,1.494363554332269,1.0
1.5856663741060835,1.5133034444766336,1.5604943795479562,1.3731355812638073,1.4274517668025724,1.0
1.3655079104448098,1.4280893676918918,1.337370743591109,1.1547434795336646,1.5354852284507505,1.0
1.4196438127583475,1.173960330606791,1.5925564511051549,1.3185403271233516,1.5103890791592278,1.0
1.6458181124355074,1.525796582151482,1.7278801369086603,1.2530348359292693,1.5804683282355099,1.0
1.3630379818119374,1.3258405701636236,1.3842300670471168,1.4376894935745255,1.5112330684459492,1.0
1.2669700318433286,1.6801652973908374,1.593132487946092,1.1927512627445553,1.79765043875912,1.0
1.8791778352061166,1.73575591423193,1.4640150328375299,1.2858494756978915,1.7108903453862274,1.0
1.4193646106053641,1.7444890140764855,1.541654995615372,1.6953278072967426,1.5712732794348803,1.0
1.6413146336383897,1.5021000041441641,1.8571740987811671,1.5253824185407239,1.5803978726889403,1.0
1.876630139411251,1.2304481877715108,1.2459030003028533,1.6938793416316023,1.265375318977168,1.0
1.8887242371298585,1.4172762038480506,1.3505090377118485,1.884588405296077,1.7961029582868848,1.0
1.873511792085314,1.6812089316550771,1.3277548629890594,1.8820129906198066,1.4463993258097239,1.0
1.660491279159279,1.6894503935547496,1.4689979813818332,1.622815874069216,1.6844413343133053,1.0
1.575285106231126,1.280119841883161,1.5596476348412112,1.765277179337406,1.361086428053727,1.0
1.4700730919344658,1.4129692896556725,1.8698527456958685,1.634458951402487,1.5814923672482222,1.0
1.3460167851109368,1.6078498382583635,1.3651334678685247,1.5063661116548703,1.3728307843242238,1.0
1.6352866589893,1.6153181633229883,1.458340248884401,1.579201342532329,1.2813876982538988,1.0
1.2017484814588788,1.5878783402529073,1.5333346990745058,1.6270062873784212,1.9766289549727885,1.0
1.6888958973980828,1.3174355549111683,1.7234032576191707,1.2368185178976958,1.4076830790370582,1.0
1.4863516789350737,1.8426685443298734,1.351049035590312,1.334712292268197,1.4803094951149136,1.0
1.3673043427275786,1.7253271844213014,1.2840136983273154,1.2705062695177796,1.4124359910511133,1.0
1.400393509861539,1.8859064107633972,1.689884161385152,1.5175102482770382,1.2549128962339664,1.0
1.6688725952803094,1.299956930522087,1.1910457806444776,1.7376059584704604,1.56338852238497,1.0
1.6841717647561638,1.5637455305886043,1.6713661223805383,1.3697948813399705,1.293151431643107,1.0
1.6363189036563255,1.3393180671652318,1.36209004444996,1.4088934992965314,1.5034958318050113,1.0
1.4292012177493032,1.2250097413163963,1.3712763194334219,1.0553193695551146,1.6250462902054374,1.0
1.1795884688786504,1.2791233321143098,1.5104330158521948,1.3520874007217374,1.808602919081347,1.0
1.2414286180553102,1.5534101738698365,1.492143436354501,1.2663813004517606,1.6046553321063508,1.0
1.4656907337555505,1.6543581102427334,1.6647008307927462,1.932647189856138,1.7673055898872785,1.0
1.4261636324115112,1.4521241644848146,1.7199319191774227,1.6310527461445194,1.6280263052195183,1.0
1.1766087911378331,1.4951347751202129,1.3523938181588622,1.5559849198086477,1.4803699220714084,1.0
1.6820357816185183,1.5634436430382603,1.6572655924217952,1.4067161806528115,1.31111074881635,1.0
1.4179900613594902,1.496595917227712,1.5758303471110164,1.9518617901381705,1.4915485696678714,1.0
1.3088109999014446,1.4308036448601227,1.4072808050707812,1.5962962947546924,1.191840597111075,1.0
1.5126523988400664,1.531301307593075,1.5464362072400553,1.3805367862069275,1.4524156540527986,1.0
1.2151878182034936,1.4013360233275611,1.3914277047966563,1.5832100092522852,1.2687635136356175,1.0
1.6562396203419987,1.7988969088982738,1.0860029949972936,1.5852517461556201,1.6353816070060492,1.0
1.3725125948895542,1.4205456371342404,1.4734238844826089,1.4404418241196544,1.4381974061905756,1.0
1.1647992387340047,1.730466312956624,1.7159237184073644,1.3373271481591593,1.2067151344394973,1.0
1.6042129752905516,1.3848424060373867,1.5283906326641559,1.436134316570981,1.6383077502140373,1.0
1.6389498287312012,1.3548805243072832,1.2233272089209888,1.1834123205329836,1.622075875821441,1.0
1.262228148443194,1.3986367291402626,1.3807371923098983,1.4894865407460907,1.1127440388306986,1.0
1.5377557193587656,1.604778204766841,1.5176844174089323,1.4378227656603058,1.5194800332537566,1.0
1.579809269128026,0.94548144871467,1.891182461650139,1.5780186645375853,1.369518283522596,1.0
1.4218093249624797,1.5987483554698376,1.4767792121931267,1.0938631064437012,1.9128985722718639,1.0
1.4778918685535054,1.70403454234316,1.3615900304431219,1.8072754108491595,1.557268737778456,1.0
1.6217687668950902,1.2909493267706091,1.7422290579365403,1.6379636329069576,1.7603692459129996,1.0
1.3743824880716842,1.4037945763078425,1.9607833395367884,1.2879968354556905,1.4728100598643359,1.0
1.727378272520539,1.5195449935429712,1.6165907359506586,1.420110194147425,1.5740111775695038,1.0
1.2386946296529366,1.8316261359236377,1.4763671909742861,1.3639643592006299,1.6332766164063828,1.0
1.4078560425222892,1.2331483057194492,1.2306564988404889,1.6387546305380265,1.4680853123707467,1.0
1.4732596880663122,1.7155487611952527,1.2746348382486512,1.353864449427035,1.423024038163745,1.0
1.5188703178634149,1.4915657097418842,1.4426225615220185,1.4876747195808706,1.4785389447417652,1.0
1.3560791222896413,1.3374014022891845,1.554903271544788,1.3218169834008944,1.2685289481618294,1.0
1.4375415497748614,1.4684665967672368,1.951344699459642,1.3590599448287533,1.688652144993899,1.0
1.6494376668409263,1.2622110089592526,1.65465059548052,1.2632238719613365,0.9681655524006518,1.0
1.6212639048718762,1.1488218833124562,1.590186892361183,1.3631978204525568,1.8319101592379745,1.0
1.7137018798632018,1.4093228392297226,1.3624324777942636,1.257184519381176,1.4118154735414816,1.0
1.4439289009630982,1.427061291121663,1.5313407710544729,1.6157042995457758,1.5699308913986347,1.0
1.3471712152187114,1.2124417052396843,1.7729063696204943,1.3621101630900125,1.3695412800129962,1.0
1.3957621375397777,1.1313860899686703,1.4044051991919027,1.4040688371984105,1.6240716596687026,1.0
1.6396914298214673,1.500754177817254,1.6863696748228607,1.5679929967602524,1.496863577679489,1.0
1.5321856336596447,1.46186930128372,1.4210300971933099,1.4464532926212068,1.2743977337059986,1.0
1.556088341063259,1.301375277814084,1.6683262528147274,1.4501082839678103,1.5098989963300182,1.0
1.5987673552561912,1.6286628930125855,1.1858753182733095,1.4586192647672056,1.6760357824161565,1.0
1.1603788361135492,1.5774560950790126,1.0488871541195621,1.2954986312728793,1.5077261103680377,1.0
1.1686569795356092,1.3028978524631698,1.2056329985072827,1.829626986441512,1.5328455510974668,1.0
1.6134580555705338,1.455464979896969,1.4293136502485602,1.1767051622697935,1.4416325274504274,1.0
1.3477015576376754,1.6715847848584673,1.7282203733315147,1.7933157431148357,1.6705103878922465,1.0
1.3802692126154028,1.2768206028079212,1.6533326363290173,1.5712585634944578,1.1462923098645939,1.0
1.5710963585487538,1.6629039644975734,1.511785117836326,1.4629892657981316,1.3384703024767288,1.0
1.2106930600873225,1.6600595898680055,1.4381771110456583,1.4533066676912614,1.8465442373838266,1.0
1.636900221371838,1.5741650002562204,1.5284123610374472,1.8039989721531546,1.843917861483239,1.0
1.6859010222959057,1.6164449182795848,1.081079385758771,1.5247443828467013,1.4739786091612592,1.0
1.5187906458771137,1.6886092174645035,0.9520645665620887,1.3861375893059629,1.5539808709881522,1.0
1.4066308907894476,1.216618777374748,1.673792697379359,1.5553743811692256,1.3057790859111031,1.0
1.5629634409031647,1.6643171424099592,1.5010585292598722,1.6601129606861993,1.5156520350323324,1.0
1.4209542034691292,1.2681158967200175,1.4828138466056775,1.5388585876091543,1.6751665523174661,1.0
1.4769785063025547,1.5914831212441982,1.3070775972532542,1.3434741688344949,1.4779221401946225,1.0
1.289074307202997,1.6640495674649363,1.5926260658637215,1.5558191528784906,1.5677808250431888,1.0
1.9042087122969595,1.406227162406641,1.0597117428998883,1.539860039379293,1.4898792918076669,1.0
1.3964961914979193,1.304234028128246,1.4121620956395704,1.5362676858435642,1.3994366598714922,1.0
1.9824907359087498,1.3078991236733704,1.3413765274584657,1.0422759919970943,1.5502968830043073,1.0
1.096718674440048,1.3921090733250998,1.4448658930878886,1.3580544068306224,1.847774535490902,1.0
1.6988788782630997,1.763827375260315,1.3235162362900164,1.7257188129029137,1.5992001892687924,1.0
1.654281189735369,1.7058877657565534,1.3182473508081893,1.4151364758044198,1.6725192022656903,1.0
0.9688761814050134,1.802665616514641,1.6106264128415169,1.490859207867953,1.5441015311514346,1.0
1.2940129433382046,1.430011327082179,1.7200568676440748,1.7596043944652442,2.039244810512716,1.0
1.485215066743917,1.3682894066389992,1.3971532068120023,1.296391624942527,1.48442904881183,1.0
1.5765464860024536,1.4931515438936092,1.7192693691331598,1.4531568397310928,1.4305098695002874,1.0
1.383746304627935,1.173473094753101,1.1864464551383092,1.2641684138724625,1.7602856143329522,1.0
1.6790520545779861,1.774992813278598,1.2335576690810997,1.106275062042796,1.3679887359731835,1.0
1.5351637906592055,1.5997380549819655,1.7095944311936107,1.556855934161443,1.8485337561311264,1.0
1.455478863810336,1.3173841563916406,1.1637563569011133,1.32220572838091,1.5484235921970246,1.0
1.3222559485292738,1.6873484927070515,1.7824655412074886,1.0260826189546794,1.6728104600995297,1.0
1.0520791882676526,1.5802998110180575,1.744974112838732,1.5129712212687152,1.2440621653591522,1.0
1.3829137591444454,1.4476709108578198,1.4635510432420114,1.4594206318466665,1.4780234441381372,1.0
1.5426960097820337,1.2582852692533557,1.4515960340259562,1.8036522340711412,1.4230709153714964,1.0
1.4112327813689605,1.7156394607428476,0.9881630667311807,1.736275720257657,1.3736192483989664,1.0
1.5327857144905173,1.5192642711842395,1.6884936238440789,1.4464810507529304,1.3643948436871098,1.0
1.7595691581302197,1.027165236571764,1.5040668363410485,1.230414915474176,1.3476853223486882,1.0
1.9022513362926274,1.4910809147088286,1.5390139394302762,1.1436874288588816,1.354191068241061,1.0
1.539311480145757,1.5709515386226436,1.6233773108786558,1.5017255797835152,1.605400841690932,1.0
1.590756382527137,1.1340519177990938,1.5074011443820299,1.6535804815465407,1.6179759641469038,1.0
1.427228238005842,1.3388746984921265,1.2763376151356736,1.4737891976917175,1.7266159759119444,1.0
1.1096391797036795,1.3680216540541004,1.2720395089146452,1.6569915042481,1.3891380746857398,1.0
1.4058724683690418,1.4566100860126703,1.5890786501789596,1.4215222003700727,0.8907713890400146,1.0
1.608662378277504,1.5878085915344085,1.4560917943337572,1.2831926758656131,1.5703560221362716,1.0
1.5758471067071174,1.405993423459825,1.4566537058848923,1.3139686994951356,1.4642821815825342,1.0
1.1899141309833037,1.5834637642063671,1.3111263018351411,1.5476206295664625,1.21880741674642,1.0
1.381988470826092,1.4779021189868145,1.1678600376261472,1.5230295746280185,1.4241704874240155,1.0
1.1515287604381539,1.2393514491775368,1.6210240168164334,1.6791111971102648,1.4736182720440065,1.0
1.5809523624080994,1.5447687126625822,1.5659245964255477,1.7571968014160586,1.1986003203571456,1.0
1.6352921464723247,1.423598208884436,1.455148213149672,1.439550053908986,1.4249705766677432,1.0
1.2547607616433962,1.5366678398515203,1.8341886065577715,1.4887733959102485,1.4997229914529808,1.0
1.3625401925686673,1.4765050907163777,1.593233285206806,1.4259515118591315,1.4092391917895997,1.0
1.5806529080326495,1.316399046036191,1.5504993254153745,1.6640643594522844,1.7719897083358969,1.0
1.4819235985446106,1.7735194479613428,1.7068819772963035,1.3007574719257868,1.2564122976813699,1.0
1.4390072724291159,1.705787098518971,1.485542598487999,1.3798684884684422,1.810448636009712,1.0
1.5573808976006693,1.0358811448418517,1.5634321252585377,1.6040081229141736,1.5451217308942207,1.0
1.5899424200463985,1.4865448782154036,1.2363208260710532,1.4258591993559093,1.3108768408887417,1.0
1.3134518178411243,1.247386330179545,1.5904978185279293,1.5195792290825254,1.4103669274638584,1.0
1.3701324144539224,1.4953153789957097,1.7158389456224978,1.099156856900217,1.5753753041701786,1.0
1.3908576051964436,1.1230828310041105,1.1108593833672082,1.3174433011729416,1.543901911158609,1.0
1.5786125867960183,1.312203685464443,1.7034041982826489,1.7845966993032212,1.579217316991312,1.0
1.3817194664383778,1.7248838369020736,1.6510791391326678,1.6734814822709836,1.3687072650056937,1.0
0.9330890989450595,1.923358204296735,1.1778243193100133,1.4928463856279557,1.9761490702439501,1.0
1.5661153512548749,1.6898492947116472,1.1995206861236574,1.1444666090532587,1.393459441604089,1.0
1.7181499468869,1.430750110470538,1.3410727357857002,1.5395934579889934,1.7163870436954531,1.0
1.2110119601853255,1.2578914011753297,1.3422661490981267,1.7189276749424183,1.5469643051897464,1.0
1.9264306821140886,1.6872891451662233,1.4929809646260659,1.7530155676177532,1.5422994025463757,1.0
1.359015729498511,1.6359949688490205,1.3607346692277835,1.4419205798392267,1.7655565391915966,1.0
1.4797437027565201,1.3393717225316744,1.4071324617129017,1.7043581171177347,1.3894918653166541,1.0
1.4226258306298707,1.3979414520732742,1.536785098868062,1.4229020479248784,1.1796327902054926,1.0
1.322563811630992,1.3134421916987122,1.748663876891031,1.6625348084218086,1.6174518758799652,1.0
1.398928336547118,1.3368416916012058,1.3984964796685286,1.2896239794896651,1.9994400783174013,1.0
1.0509356703257196,1.6128017070147618,1.2430895404014946,1.4791313017010614,1.302399611501253,1.0
1.2644742075034738,1.2719607398130077,1.8509972307484117,1.4734023155380815,1.3468595611043828,1.0
1.6111573928165746,1.5020698629132598,1.6440067518683306,1.135148668812434,1.5607207808924002,1.0
1.6545389674204762,1.1676803417770873,1.5896390568846626,1.839236314565632,1.4970284593290595,1.0
1.6642811874049623,1.634114090062182,1.3584988604978847,1.507953346917299,1.1866010578276796,1.0
1.4097393925794948,1.553137594993247,1.6446200987475597,1.5049224250495823,1.643996746028633,1.0
1.279418757408926,1.4796605450890257,1.5038558769026154,1.8699182493359272,1.4571666687599831,1.0
1.4001966724011634,1.5042702447687097,1.3161773110260113,1.5385507698130432,1.4269889566907485,1.0
1.1417344903917632,1.4882826897732278,1.4364913812139601,1.1735153395864033,1.4865731690770956,1.0
1.797871192414896,1.6042607496551426,1.6223854385462315,1.2317006548833915,1.5953796737844446,1.0
1.5296899162760156,1.6058090476668863,1.5845257243417652,1.2280438548992372,1.4917198376884064,1.0
1.3484258279149668,1.4899831811430355,1.320519814619634,1.7624940734281993,1.3282055223111315,1.0
1.3202115687068927,1.5149172813087106,1.284580186119201,1.4150673395134268,1.3340070804924076,1.0
1.7822344127779224,1.6571607653662346,1.488506096306921,1.4217565895651967,1.6881835229150226,1.0
1.5810408160645777,1.5996104809365714,1.49476155253115,1.1623539944457135,1.4775068034880894,1.0
1.3935020161581864,1.6290110546919754,1.7023684865988378,1.3684097910477662,1.5936770468554102,1.0
1.8471757995371427,1.3664574558858882,1.8363843480146276,1.3294828305658706,1.5045919511215904,1.0
1.4977708776316319,1.5022997799740125,1.332464391618411,1.381763379247114,1.3664559427281202,1.0
1.5653925190808915,1.5660070229020624,1.9451888663476518,1.7741978012582242,1.3980313515723042,1.0
1.5649739231592372,1.699423596158352,1.5061203648677035,1.486071684310613,1.5103149885539777,1.0
1.6734553257616855,1.3303358954389535,1.434866106235965,1.5940866289692963,1.562289414310831,1.0
1.5479165519712783,1.4260397667392393,1.6945071578285074,1.9267736494409076,1.5812830987352413,1.0
1.461364659690032,1.6511480577789086,1.392173472649402,1.3500619310594206,1.5065617495227424,1.0
0.983440673406011,1.269209927269598,1.4304076288158307,1.2293222283704572,1.293471379621574,1.0
1.4126503325083986,1.1714069412938781,1.4187856407480337,1.3929459670934312,1.5050810416770033,1.0
1.7308368060988037,1.5345008832985731,1.5042124042684126,1.5198908914061424,1.5454785550242256,1.0
1.296652270278046,1.4770449350458403,1.5617502483673227,1.225848003491388,1.6731305845631708,1.0
1.716275206891638,1.3737248023101223,1.451732441709379,1.3243619314379853,1.6398760967175634,1.0
1.2877555425108183,1.4555045979514158,1.3282160184384657,1.5101908554022578,1.1411541457020558,1.0
1.7652923284731388,1.307078715158747,1.5119789366232552,1.457495391045938,1.3475770976155004,1.0
1.322443972672813,1.6872797087104918,1.3948718813796122,1.554234036927462,1.339700622921125,1.0
1.3705637136304478,1.5944494300175698,1.6860816992222234,1.464936719534596,1.2156160256719126,1.0
1.899591215950001,1.3286901383531582,1.1916825200656425,2.0188849175536303,1.4191935412298124,1.0
1.2076534623477184,1.3633120466422637,1.5735089792044539,1.538062311518788,1.329654160549282,1.0
1.864544720025592,1.3956840644013253,1.2630626819176896,1.6921386796921318,1.7658125693079365,1.0
1.3365013804767547,1.219730541392138,1.706087653483121,1.0905352773884076,1.2546756681206768,1.0
1.693489230010047,1.4889294903955221,1.4472125302814625,1.5705633212988757,1.4694451152909183,1.0
1.240262655567382,1.7552150692012376,1.765002810577363,1.541066512755592,1.509026803086402,1.0
1.9679249612040115,1.4447134309968326,1.448084603633192,1.5728962498481012,1.7942643912284677,1.0
1.8185541508834968,1.4482854736646458,1.5616662491918691,1.2243833065871845,1.4376047784167574,1.0
1.3319419209041388,1.298633649540203,1.8363153432534656,1.341542667638771,1.3936788183977091,1.0
1.5731697575833716,1.7595650533947171,1.5962230252777672,2.0518710228043164,1.48506640434977,1.0
1.5517432880459492,1.5551201347968113,1.787009877357831,1.601447790221923,1.4767540599225701,1.0
1.310502281018624,1.5488886911923265,1.780268966258392,1.417923641268426,1.6057887236833164,1.0
1.5492295577369688,1.6727039316762629,1.3390492518724262,1.9693294061053124,1.2441677785943484,1.0
1.4268897820027926,1.6876185081811292,1.5593466344988227,1.6659972318162206,1.4007795332034876,1.0
1.4850390034639318,1.5024463967277635,1.813851922907181,1.6380858048766098,1.6593344216729342,1.0
1.3684147814926408,1.6937765277126102,1.5451163327137607,1.7778290631355855,1.9028120309836936,1.0
1.438646844794599,1.4187393739109875,1.327191001779526,1.4712840976567358,1.4235949102099232,1.0
1.571900879914202,1.471086636613253,1.4276801438436761,1.7129170272255703,1.3124239537697098,1.0
1.5866215906302688,1.4188116545623033,1.6448737009739929,1.7770523093444461,1.4393803493151855,1.0
1.5882065814546302,1.5357585731466359,1.3401155200913806,1.5481575019483877,1.5578241010557625,1.0
1.582574164089235,1.4603202206359909,1.5188384600620293,1.2704778110313728,1.4283771849040288,1.0
1.6111925359419597,1.6784947774663062,1.415537035174946,1.5209428058866568,1.5456106650248134,1.0
1.5402959893408865,1.608154717060078,1.136384473923286,1.4901351859704854,1.547806720249353,1.0
1.299933930209259,1.834797141402142,1.5323118534476337,1.8126809490057858,1.3418953956333846,1.0
1.3185399756949345,1.5448504441931363,1.1642623274342687,1.5429931181252188,1.5194438464005837,1.0
1.7031330563084204,1.6402082682330195,1.4165045300229933,1.280500669045951,1.8424610442686593,1.0
1.34157699588697,1.2908950885861068,1.283028788107711,1.723461063107333,1.3962199591150295,1.0
1.34925910676388,1.5275379651806695,1.4586110578885418,1.3643809078427507,1.650798293395696,1.0
1.713063098419599,1.6970635017879734,1.6533839339322398,1.580525106226007,1.1448224000076341,1.0
1.8338501612753937,1.5603978420715106,1.6216312855201283,1.7229924645894805,1.7866705005763983,1.0
1.5836796022618385,1.5871092318591307,1.3801551445080562,1.5066179502277521,1.329167747837129,1.0
1.356011893571621,1.3212851195371618,1.4687952218005424,1.709818637584002,2.134194954658036,1.0
1.5378999275095826,1.230317382448776,1.7529966659712513,1.4398432247047945,1.3678782812046015,1.0
1.541969895584611,1.2518750800887544,1.5444926328017214,1.482324895360169,1.519675581363095,1.0
1.576283250841834,1.5134984514481613,1.5032676168225785,1.556862903799589,1.5830801252342255,1.0
1.2937035079369483,1.2140017482629104,1.487672389565557,1.2134529020131783,1.5175062941843342,1.0
1.687749375136462,1.6214223343832093,1.2903659186349055,1.3279475096084963,1.5656602590001512,1.0
1.419740438973298,1.4366689409895785,1.6193812962495908,1.3025426613084696,1.4197530580177635,1.0
1.3399835047830797,1.2913741003929289,1.328584362265767,1.6354924338692824,1.5103640778964844,1.0
1.324167874232985,1.4537796784814008,1.1722385385755645,1.3533374384832668,1.9299149069734574,1.0
1.4819512300668498,1.6463317854060784,1.4869023249711033,1.5696338470483617,1.6326516179358348,1.0
1.2790766804947058,1.4938127485452082,1.8157730388832976,1.3408998899893418,1.3867120292535562,1.0
1.4384617445265997,1.5538048146352494,1.6049835727291766,1.7534823309637313,1.5998996466937319,1.0
1.4875893748403333,1.7518334259221628,1.6408222044283165,1.2008640967485968,2.0052736480711997,1.0
1.8539842776393467,1.4663571554465853,1.575582020347695,1.764871749999168,1.4655598414606235,1.0
1.646070358075404,1.7209156947142954,1.2970348184531117,1.3795336292834275,1.6842816795621163,1.0
1.5921628954297662,1.6847593120627895,1.4734863970692564,1.4421989578091534,1.1002721048833255,1.0
1.2707999146985114,1.5094132189316987,1.6649114439128474,1.606235673307139,1.4743516051944596,1.0
1.4456456867018606,1.543435926527656,1.5156422362184305,1.7809091029879425,1.52928815409565,1.0
1.2037508075605403,1.2454883729935367,1.803751867392716,1.265767907709984,1.6528994906067067,1.0
1.4463254529581238,1.466048341219503,1.473173443446316,1.7442769918918397,1.461431634291207,1.0
1.4933361434309693,1.1938393005201013,1.5413381023416006,1.606208501395612,1.5478291161307574,1.0
1.779579252217347,1.5110342709560463,1.5597954912238035,1.8297008020536358,1.1899971621283705,1.0
1.4088349304401262,1.7852317504038533,1.6872258296622165,1.635676019768094,1.6665301478928956,1.0
1.5654132418242044,1.8263194855064544,1.5755518339461436,1.5479734211790557,1.5317917348251286,1.0
1.5385727911100773,1.2685965438368263,1.6541346108926687,1.4739120532433345,1.8643830195720812,1.0
1.4848699058823154,1.5841836568351313,1.5493204372522669,1.3748885929781494,1.6984273657037012,1.0
1.8810127281120035,1.497044556068031,1.4399042428829156,1.428994253788925,1.1215276213365317,1.0
1.4644373712593974,1.5501996232016648,1.7109515850360566,1.6920095482299855,1.4167001835126616,1.0
1.4446354010452223,1.7247810611228878,1.4653072205854243,1.3979940920488767,1.7785036898868545,1.0
1.707517133410127,1.5037583583548515,1.3812445104442665,1.0976239361510582,1.6179407211149448,1.0
1.320726055489564,1.1074535981718496,1.8169641054698036,1.6295935582019776,1.2721983613766068,1.0
1.2571197234081481,1.674192356434324,1.324405876692826,1.7592299735055767,1.623291862525231,1.0
1.6073193041133647,1.58093909112286,1.5382901744047823,1.6761022398354222,1.409183927496879,1.0
1.517190394686877,1.6503893175354392,1.6125979437172255,1.2610026389462679,1.3999180665391473,1.0
1.550560701083831,1.4183970581920207,1.8549317121946667,1.4213693610491773,1.4675563104846618,1.0
1.6538860356354608,1.5661065486469832,1.4709451085590461,1.3487012942238503,1.5603028114793531,1.0
1.7078192880756786,1.5958190448196456,1.3443632957087757,1.8473549913953422,1.2106844219928212,1.0
1.1834628716394422,1.6921114448914456,1.545168095720538,1.390100290739192,1.280285854488934,1.0
1.9641599678560597,1.5234181744310884,1.6068402341691543,1.5635770194476364,1.5869615915462316,1.0
1.6080188921049612,1.6464848019509752,1.4249555198478654,1.441671602729631,1.1517954383282196,1.0
1.843939118699692,2.054222559289343,2.2090046751005383,2.1198079052752368,1.9318615312244138,2.0
1.7473654175829691,1.4445281709145132,2.23034679495616,1.88215420269797,1.910306998759188,2.0
2.026314793581614,1.7188879905216221,1.9300435639776927,2.404694389953995,2.1010773877154687,2.0
2.0718498313026914,1.6835011044036483,2.448720378916528,1.7154410182747315,2.3844649510888796,2.0
1.5769887969624385,2.281073087744884,2.3236108538000453,1.835118175734433,2.0845160744545765,2.0
2.109496114420933,1.8372411033537388,1.7101764778526138,1.736456531371847,2.1082016439919613,2.0
1.982976879496119,1.887139793339568,2.1933536022332922,2.1016135818782957,1.8489074547268733,2.0
1.759759696196522,2.1046523477376153,1.8924833262883876,2.0198409725063007,2.3152597945255433,2.0
2.1004656480149557,1.8275466000493528,2.0321322379639546,1.8094710094369224,2.321704431189745,2.0
1.8876842500793558,2.0414541493947236,2.0615465149358863,2.0318500936747403,1.6082902089726923,2.0
1.7107157872033343,1.9095299448861818,2.0638863666663063,1.972444157142846,1.8085705053697967,2.0
1.7303151361756597,1.9196884911001313,1.9063047910640554,2.102567291518551,1.9347363075683364,2.0
2.1205415312858658,1.8810700460559189,1.9488084661571463,1.9303907240714762,1.8435266066195821,2.0
2.125023731286746,1.8372808005810985,1.8956716980058763,1.9853760708103605,1.740524068808652,2.0
1.9350130083359,1.8577387280514424,1.92236916150355,1.988014399465782,1.840017275371867,2.0
1.9559848440359289,2.261733750470436,1.9948402883491025,2.2290524346038447,2.0692988884013523,2.0
2.1548321219637634,1.8451082062458348,2.0209814330171025,2.026782584523095,1.8774748522250129,2.0
1.8354343351411435,1.7019469224185404,2.2992279273903264,1.8055194221295006,2.26924421464446,2.0
1.9065013652684293,1.8275013400550533,2.1245038280609996,1.8737616116506286,2.1136917837848554,2.0
1.933437647029558,2.0960848992235572,1.806362787218579,2.1662702115969537,2.097594536532601,2.0
1.8160698619874676,2.528587144202948,2.108024605280099,2.458093414106108,2.320053563749752,2.0
1.9622330439564433,1.9175456490790914,1.9193081633158398,1.633994289914438,1.8608329761300906,2.0
2.049353204795994,2.305191512176962,1.8454456234043595,2.176411319872602,1.7494813316993363,2.0
1.8827359949577736,1.9084718811420949,2.0743622162994986,2.0914619293441623,2.192468348962869,2.0
2.1541673920809874,2.0486336430804983,2.0780729887017246,2.3177061382195063,1.8978147637535474,2.0
2.1549456638134323,1.6383712147003497,2.082266848579522,1.9033500915041786,2.000514236486302,2.0
2.208017249010741,2.0329287619052794,2.1770375082417854,2.294752963027681,2.0778187937731443,2.0
2.2342082129240977,1.9346878044641584,1.9983580235460772,1.8954761167203045,2.2085955189292754,2.0
2.082818270758719,1.8985531076210154,2.0309337667292664,2.2083136777637162,1.9921464017924093,2.0
1.8102134378300474,2.0263823511574826,1.603886881786212,2.153754128879895,1.915734482535064,2.0
1.9061378527441786,2.1751391357559013,1.7269674245549662,2.3894197285640715,1.9039515916523553,2.0
1.895349811323021,2.204244948633433,2.1417390546220854,2.4902459438150153,1.9577588032736961,2.0
1.975918672267118,1.7041368040073492,1.933579544530235,1.8557137408856488,1.9102465973789002,2.0
1.651162448689209,2.3321215119789027,1.716679303514872,1.4395594403216574,1.762315115683396,2.0
1.87923208944077,1.7700891873485762,2.2196607081465025,1.9724321642807812,2.0050771208812916,2.0
2.1220783528610827,2.0572025053956238,2.1957134594892085,1.7781044892727709,1.8904963798641137,2.0
2.1331934292139074,1.4930891075831538,1.7249631041365519,2.1001984464359893,1.903950193001015,2.0
2.1872215100219394,2.1618360593706325,1.7603814239617923,2.0813314174933764,2.2403395711335015,2.0
2.0294868803301944,1.8045070245508261,2.175877988382674,2.127084905310799,2.108522156699759,2.0
2.1431877786873983,1.4010774279544762,2.1761875122161944,2.3616263621157954,2.087327694925859,2.0
2.0385457992999454,2.139287734678288,2.067645094737023,2.1303562523401234,2.000294200049082,2.0
1.84665902909262,1.7991354575570773,1.8003616543536272,1.7253914898098208,1.7864515977961788,2.0
2.3522532254839725,2.1508191327312485,1.8749945218630657,1.9219214612028983,2.022511506181291,2.0
1.8688909941031284,2.013503371434865,2.1555208275805824,1.9928514532903654,2.0672031485323985,2.0
2.177298307871923,1.9455736487963584,2.0569581198268727,1.9381244814233278,1.9942942260331167,2.0
1.935053946983408,1.894226029288777,2.034742370597405,2.1133090631636424,2.029260889200209,2.0
2.0997453916623865,1.852413643951754,1.759252961560044,2.083408700593521,2.1375762782349508,2.0
2.0099714533199644,2.269607156084944,2.18153975959758,2.5361141681538,1.959838297200867,2.0
1.8002302407809263,1.8519726418520972,1.8869004387250687,2.0952062766876227,1.5683862872077485,2.0
2.2637102036181673,1.9521406817715312,1.9506412884422497,1.784131366795001,1.977154889709964,2.0
2.002647953533507,1.9756110144799446,2.067811851188486,1.8820735916097941,1.8208368479178345,2.0
2.109665626099596,2.019733490763159,2.0394362110394733,2.2118054508883933,1.795487121747863,2.0
1.8289519085498271,2.2514439301657987,1.7034233284851914,1.738117570733797,2.1635723662369992,2.0
2.0476400384044076,2.0210464274118554,1.9816681183799234,2.006253509405514,1.9815775770616089,2.0
2.2710885405188836,1.920370374249985,1.9677252927444442,2.3588897610450146,2.005501940405967,2.0
2.4464032779050355,1.9790040597962093,2.2734829964920316,1.6689311923380643,2.0307288921631335,2.0
1.683105287369813,2.1688908613209175,1.757426436758195,2.0567539108766693,1.943560824661913,2.0
1.7683593629631942,1.6761280034204915,1.897791907283978,2.348125889179066,1.9413029890221245,2.0
2.183444308423171,1.9885914264675624,2.1753453547380905,1.6346177243390965,1.9193623386300933,2.0
2.1898811047586437,1.9673490102333642,1.9827089434577905,1.9139076176228413,2.229875876673425,2.0
2.0595028707909893,2.0088044552350697,2.1286109090678584,2.1176449858235875,2.042517409287507,2.0
2.309406299398169,1.987942493272176,2.055616209593589,1.871409489329422,2.030023045401226,2.0
2.3175523047490736,1.8713484796422521,1.7732814348723083,2.199351928563963,1.9702467695532642,2.0
2.019200840993954,1.990977339261333,2.015824344785907,2.1701061367046877,1.8321751618801452,2.0
1.7976451831789022,2.0169936274075417,1.6787120621100335,1.7253892927916143,2.3733366296663254,2.0
2.1514936660122808,1.9979887056261971,2.247601387191688,1.791880153982971,1.9368793753228284,2.0
2.1246907218848765,2.178134336286279,2.102583369365555,1.4917522384623552,1.8063835764670844,2.0
2.095413618471373,1.9288097013906387,2.5080463241518345,2.1853116601934195,2.111616376123733,2.0
1.7766100892506553,1.9929406520794168,2.0482407928437905,2.2255567260255606,2.1762262194199264,2.0
2.2065978389039893,1.8152175968379995,2.2824303396597263,1.7239138495385462,1.8928170876667676,2.0
2.0861542269891284,1.9700216816533722,1.7987926284159217,1.8356900348793734,1.6903491354301914,2.0
2.106394927801438,2.25211376900843,1.9799212993197268,1.9199302369973152,1.705535414306702,2.0
2.1826403848504357,2.4422608666478984,1.6405088391266205,1.7873134123690786,1.8640813914911711,2.0
1.8871364180635022,2.045469190028696,2.3228499094560453,2.201719457372021,2.1055194765548633,2.0
1.8552142591882796,1.7760743532639092,1.8406449387387398,2.3096133602757476,1.9876513397084197,2.0
1.9106327492674757,1.9632488539500015,2.1649236439276933,1.7374300650900416,2.2829748271844843,2.0
2.0312952513892597,1.9567312043408547,2.088569222749348,2.0436794146259873,1.9311607087065237,2.0
1.9494578655916786,1.8262274906268097,2.1312781501718603,1.8936012381177676,1.8087483155135433,2.0
2.0331727045307075,2.265828256549111,1.9903310752440362,1.878379748609662,2.080779204167195,2.0
2.3873424924805104,1.7096188941136505,2.0764405575570586,2.041017325046371,2.2323067607118237,2.0
2.1981818347369693,1.962658177638044,1.6630965489150233,2.161312753579252,1.8329614619617034,2.0
1.810651917808562,2.2296701161382253,1.8178299244722695,2.280568948020049,2.067168944281063,2.0
2.0638236800172565,2.0614529561011183,1.6723152748516417,1.6447222767306848,2.043110610757737,2.0
2.113601471845284,2.0165222064312402,1.8356930965960945,2.003784420776439,1.9835931693709032,2.0
1.808568380344918,2.2027944308224323,1.6539447876899829,2.1177484813615015,2.076864681042249,2.0
2.201942370962343,1.7989376255302283,2.020281429333642,2.4342329898636335,2.132414857799941,2.0
2.0201162417457925,2.1078322548228394,2.017235368476024,2.438179602647968,2.196727239157836,2.0
1.9828770091539005,2.050466286276904,1.9218404007837973,2.241970025282061,1.7187790457217977,2.0
1.6790522940278025,2.2917429499351987,2.4306239585141167,2.0936609815379184,2.0225475882471473,2.0
2.1314535380609554,1.8705892947234481,2.0342487090304426,2.007781741171243,2.125312850149072,2.0
1.6884002943633207,1.8985930460469325,2.1689991206001675,1.8648812344739873,1.801327724915373,2.0
2.408414429965391,2.0076236000358803,1.8842163720113585,1.6615259125051782,2.1458692692560852,2.0
2.1398272307437387,1.9402480798860129,1.7795539618185818,1.9950901152715241,1.8328287865036756,2.0
1.8115812822253767,1.9793574497076585,1.789721920267987,2.0493297910504893,2.1215985018812793,2.0
1.8320735105653618,1.7263509809323219,2.3122559197911614,1.811945952808559,1.8680114589795325,2.0
2.0426034334859775,2.119873874504459,1.9487366212620714,2.092158865540251,1.9198027684207197,2.0
1.8057658670351218,2.2852633721574054,2.4976883228662254,2.339193906602834,2.028361327830691,2.0
2.3666870723631357,2.071140703144797,1.904542745919354,2.0932759148763957,1.981121498717763,2.0
1.8033763632508584,1.8203356057135969,2.1604103477481034,1.6306936036670654,2.120827348088537,2.0
1.6740832794503122,1.5757647110195128,1.6322306792483003,2.393352794386948,1.9607532070112916,2.0
2.0173166360330836,2.2838510091821904,2.1868359496999448,1.721698946119156,2.173801268563752,2.0
2.0368362529407094,1.9316643804808238,2.0048581828275562,2.2559624041256043,1.8228067035918094,2.0
2.0801771358208243,1.9980685526934183,1.6405670769208762,1.8395493656538378,2.038642710646739,2.0
2.259468417818578,2.200266203469346,2.119442500880685,1.8369448677727083,2.360242798161707,2.0
2.0430480935279225,1.79872689566429,1.96341900382861,2.1792496850712317,2.0015234996636315,2.0
2.177372937316552,2.22073879149243,2.080106136919741,1.8284594753906211,2.027090932637996,2.0
2.0090331711877663,2.3718692667703256,1.674735612434634,1.9730355097811292,1.8831812906410161,2.0
2.0670211240392,1.5124871281601289,2.222984911898056,2.002749697467107,1.6310597672743907,2.0
1.9277773730520267,2.121792468330905,1.6817104249083936,2.000644443288631,1.788505270439694,2.0
1.8888029936242066,2.005347676534927,2.0366900507163153,1.9058515003634546,2.0545592779060526,2.0
2.163595521450961,1.944217144979352,2.286313551489858,2.292442834156084,1.9142595868828343,2.0
1.872431888705283,1.6671654029667653,1.974686133672122,1.9273124439767897,2.1558102440265983,2.0
1.6980676787863402,1.944521721651378,2.193748878622229,1.853928580888408,1.8475276926544781,2.0
1.7106119330488383,2.524114769203648,1.850505364386924,1.739930633556332,1.839229919193696,2.0
1.8451409839026391,1.946122044309752,2.165074446417503,1.9403353662008334,1.8154353370006344,2.0
1.709732300361795,2.0043714716439744,2.008507814805958,2.306186470205765,2.018489547093962,2.0
1.9801983377431844,1.789869232682502,1.9388094849803217,1.9123051083930789,1.9259671670972596,2.0
1.8081489214718824,2.1076659206552355,1.9715109164981262,1.9599293039990024,1.6571907767902008,2.0
2.098728817504973,2.097403065196076,1.8321741194315573,2.198024276775839,1.7270483539835135,2.0
1.995626018242184,1.9457585320219672,1.736565042238841,2.037940522415999,2.3405140304483583,2.0
2.013526846013384,1.9073956491781898,2.0894048313771356,2.021143999093431,2.0055524263251003,2.0
1.9148915574457104,2.284395111858493,2.091272672696157,1.8942658682129023,1.9783992326438085,2.0
1.8518266591591854,1.878341769983701,1.8718548551619603,1.7731376812555544,2.1554553927535913,2.0
1.9417917073453947,2.110825515665354,1.8659748204545408,1.9879275011215323,1.8577918806417777,2.0
2.143933634107466,1.9503161386589924,1.8538252828097228,1.6716593542380431,2.055133309868155,2.0
1.8583229895323785,1.996844156575801,1.9016539783972946,2.190837916179753,2.108828950471602,2.0
2.0894424174909663,1.8767757753353043,2.093258008710038,2.342966321735209,1.8335627931699876,2.0
2.034467827845838,1.6701566051165735,2.279712418425107,1.9204175802818317,2.1565157761683955,2.0
1.6553543498567354,2.359507877425181,1.9286256943948803,2.1091314646940056,2.030163641266519,2.0
1.9489058427624462,2.3371584605318607,1.670390758726764,2.059742731998402,2.182129134445994,2.0
1.9940287756727268,1.9763658431266817,1.971462457585307,1.7544727159179183,2.007625476818987,2.0
2.10254350469448,2.0137198454961323,1.945544779770984,1.9020549955253947,1.9441406661443255,2.0
2.2515488434992075,1.5826730041158914,2.008014291309555,1.9344490165407167,2.2911615903673686,2.0
2.0110984450887606,2.2969851197399906,1.5752219963908882,2.0919169809668112,2.056011572007536,2.0
2.2781067934147874,1.6717302782353942,1.9689928383763349,2.0132120523572987,1.9008409010909582,2.0
2.2433155427485882,1.9322635629109204,2.4069525088042307,2.2108355817877845,2.19016673940076,2.0
2.1118597962781767,1.7872608817948903,1.9137807324978486,2.114550273371443,2.1355114067175434,2.0
2.2614367690162513,1.9065117980748187,1.8279693230150673,2.1718208385571063,1.8380746847919776,2.0
2.1746623672140823,2.2399472352830077,2.091230607165411,1.9284841936062804,2.008216445228776,2.0
2.118693183920648,2.0020371037424147,2.4396592677340987,1.8018658138745702,1.799466282526042,2.0
1.8046209226529348,1.8820840154909568,1.5642136959610182,1.8740699146119637,1.8693430596144223,2.0
2.0157028050348353,2.083560116641216,1.751956732718446,2.1800108485528145,2.3604484459581094,2.0
1.9583429793810008,2.3148742474951143,2.0397978988810377,2.3977463837190784,2.223456693137638,2.0
1.6872190730320467,2.003725474132271,2.2108649949808155,2.006109316208123,1.9926232938309867,2.0
2.253952950062861,1.8580291635707793,2.0035031226556437,2.064725152921824,1.9332418079292872,2.0
1.9959741792244925,2.155004652644834,2.0865675242999986,1.8382564936040933,1.7791752028401477,2.0
1.84217956394867,2.0002496911576975,1.9680120424485914,1.833608501356575,1.8803699094967028,2.0
1.6959921429615872,2.083570740643465,1.9919962549296735,1.748042531318946,2.0057241008375564,2.0
2.2685244021020705,1.852012829406948,2.2630275331441947,1.9353085055033152,2.0395656335699734,2.0
2.019550160484437,2.280304683201049,2.031686769357106,1.7716197161592306,1.7378059259117575,2.0
1.6934157893139745,1.6576059671811558,2.009227011791137,1.8083251039546877,1.9838376774112518,2.0
1.8592281928019108,1.845843139858687,1.9038309318254543,2.140717110928678,2.185829029553738,2.0
2.074234510529808,1.8020354900905762,2.1287262550906676,2.1377793333215864,2.0549294407224887,2.0
1.8792759127961818,2.141771915073428,2.0845637149353324,1.3766286816801747,2.1288904066822085,2.0
1.6172514658276986,2.132712315318276,1.969185520315033,2.2387223361498396,1.980367757758814,2.0
1.8226771479887776,1.9705292670834313,2.2119612589867548,2.0052493235723174,1.9771329680255247,2.0
2.1487107031016675,2.0420718733259626,1.9988145188333537,2.2732120136806664,2.3110228064118137,2.0
2.12266524526574,1.9428081697029653,2.2993821987041656,2.2366239114663413,2.1437794331056583,2.0
1.7567846838508279,2.028134380661592,1.8512655650598253,1.9681975496891282,2.048011385859344,2.0
2.0200318816181246,1.9049649788341503,2.2545907497839823,1.6607737466336914,2.1460367062259227,2.0
1.6285033456810925,2.0765196273446924,1.8226191347432248,2.175660751546506,2.017290504801519,2.0
2.0495412756933646,1.7963441348866298,1.8690859730004832,2.041443478682191,2.116713985381861,2.0
2.5858192483527724,2.0445716646206975,2.1952075050737854,1.6886132134981477,1.7340216277331875,2.0
1.9289010450783095,1.7605144608722867,2.297279850693277,1.9179562614439343,2.276436377678628,2.0
2.297356494817126,2.0085559439767136,2.100359950761528,1.9887801053318195,2.107687400070908,2.0
2.0966683703561144,1.975270074821594,2.100993996292568,2.3447392551334523,2.1426032459421878,2.0
2.065159922728125,2.0249539042086426,1.7974653752462817,1.7945406245849074,2.064671306296052,2.0
1.7261217751905686,1.8467344802072834,2.256302268072827,2.382845939412563,1.6668087846404562,2.0
2.325329912460316,1.9577123418308886,1.996998982593727,1.9773176738714533,2.2161088254050973,2.0
1.6784646841913646,2.0912327222710267,1.8110259605223977,2.114157705876315,2.3085592676586106,2.0
1.9999165347174759,2.0748310171941604,2.0819103556475382,1.840081300065902,2.302327869976864,2.0
2.3412936494521976,2.1403566744234057,2.014657086401529,1.907621236929143,1.8747019553701825,2.0
2.342167316509331,2.282883008545805,1.9872677022420902,1.6840138940657752,1.4335976260182024,2.0
1.783314667947144,1.9738759208009762,2.2801378068886002,1.869668758188444,2.1009630912681003,2.0
2.2606361923296863,2.0257072633712094,1.9715104262422318,1.7382472971522784,1.7595049383591135,2.0
2.0832199268831646,1.9598184933598146,2.02450626353066,1.9905444568607507,2.13282880987173,2.0
1.843062517714111,1.9328838712833667,2.3792364457266286,1.8400427723228459,1.9436849138399797,2.0
1.8821226596042862,2.08895627248145,2.204478464488414,1.900357676282778,1.9137171317790629,2.0
1.944203678939394,2.1059667566949916,1.852120939497961,1.9248080068057483,1.525561225697397,2.0
1.7236509981010029,1.9775112487961424,2.1795728346406245,2.0590151566603723,1.78024630866654,2.0
1.7199487583744115,2.034936018579634,1.6694392715494313,2.213185363743378,2.012779238330036,2.0
1.6785359681531884,1.806809228231626,1.8551377361537755,1.8453614979553121,1.7020133983557015,2.0
1.825067495602231,1.8631196887719148,1.8577428488779124,2.2255913249866763,2.020965560565443,2.0
1.8013485565124896,1.9330756788091756,1.8240885805377232,1.9399986681976487,2.1751018306282766,2.0
2.050454156122425,2.4571202363056135,2.075185485153496,1.8172810980045786,2.1619481461628896,2.0
2.215986243428507,2.2188333982887887,1.7811518093929817,1.9704725170970325,2.2263623913656905,2.0
1.6630542082252118,1.9001166477955924,1.7146124629146016,1.8134859540205974,1.7975085694512387,2.0
2.250113966508687,1.95309239301825,1.8273288837316435,1.792878853723101,2.028333432974306,2.0
1.9977728745318666,2.2688148749346855,2.1000033391714603,1.7136404443869924,1.8742038584817464,2.0
2.2140145024141953,1.8757834604597245,2.346914434984742,1.7803421137350506,2.114522670608158,2.0
1.8277568893202716,1.8980809734107285,2.2197163296462294,1.9745865674322967,2.1626904490228216,2.0
2.09465811898296,2.15077313671246,1.8223623577828973,1.9556851203591998,2.084850523620174,2.0
1.830185425461268,2.3259000086464656,1.844554391568973,1.939999284612441,1.7986881870411524,2.0
1.5713383869522624,2.3593837045149857,1.9591322126193906,1.9104170323168919,1.9602569876658402,2.0
2.283972794439287,1.8069786783871165,2.1359135731530166,1.9152423502901048,1.8806658288923381,2.0
2.1134116425040363,2.1976481147485396,1.897219409944017,1.846230168065038,1.7661808505355945,2.0
2.220700753345675,1.8849488010387765,1.6301738545449098,2.2819904276792293,1.7260280996094115,2.0
2.1558921062518124,2.036685729333505,2.0575830864430555,1.8831249449377356,2.0731182920449274,2.0
1.6664440214231524,2.1176075497479627,2.311402008306432,2.1768054394852654,1.5960919829226556,2.0
1.8031581995454302,1.9624410156050387,2.0973874609879863,1.978669465267955,1.9013571225779005,2.0
2.1190600615384585,2.232830353244993,1.9535411985626805,2.145785973477048,1.484189850962105,2.0
1.8124981227782542,1.935748212588398,1.9022867558490748,2.066559643480891,2.202750109499652,2.0
2.1013338052056776,1.8755549056489889,1.6954463818991627,2.1113928241157773,1.6323646520659976,2.0
2.1306074566812856,1.9623101835739862,1.7648330024123542,2.0574514624933586,1.9994247794681999,2.0
1.9926805414167506,1.9831553406945213,2.0839048216852283,2.184886804391702,2.0993230396967704,2.0
2.2024266379644617,1.9911720562304387,2.3236918648463947,2.1142219644259646,1.8912611940634447,2.0
1.781220988653119,2.041159360746816,1.7386956954154797,1.8053248064886502,2.04781741607472,2.0
1.8784225107436092,1.8133367519546155,1.9931049907823204,2.014535579820758,1.9588331949562525,2.0
1.9244906161881423,2.17092854574249,2.0684854702573654,1.9553147775610609,2.492864386703073,2.0
2.0387663473856827,2.226401026735466,1.8878037993736487,1.727411810558398,1.841648696871307,2.0
1.9463980433203776,1.9006783580540967,2.2672772364645586,1.9759917755807783,2.092293775488228,2.0
1.990703768793422,1.9132891334533664,2.007599202690703,2.3428102939541464,1.8464102816526369,2.0
2.15339809011191,1.7947985496748435,1.9080747115461123,2.0007166411909165,2.0652750179453983,2.0
2.2966257255947626,1.989983471707093,1.8312768786928146,2.130008394610154,1.9271660382168487,2.0
2.047736314186367,1.9767555120924496,1.6113086297426356,2.1016598371187944,2.1166736013642597,2.0
2.185320953661721,2.3600925524920457,1.7609792453073048,2.103301488856352,2.0818589993281913,2.0
1.9161836014384357,2.0794212472899556,2.099929391022393,1.7562632340045605,2.0492445522552862,2.0
1.8164031387990769,1.8696287000138818,1.64505103696227,1.9053278148995043,1.9592858657053047,2.0
2.109971373459278,2.0001799853342215,1.6915423698400642,2.1724296113768533,1.9762826752899816,2.0
2.0976741180859313,2.19318722369194,2.284520949793807,2.392245397873003,1.9855522482656665,2.0
2.0622248892187307,1.784327781836644,2.2123200340070523,1.7630225110856461,1.6389496622739157,2.0
2.166077201068078,1.8956606950104369,2.155521456268448,2.0816149298692337,1.6739994697952583,2.0
1.456064127135477,1.7806796505814562,2.003298297396173,1.7556447330610456,1.8694477101302573,2.0
1.7082118538805349,2.033975591959385,2.018165185407265,1.9037214751904734,2.2794130602627485,2.0
2.2995430054639128,2.11305344050729,1.640045763706651,1.7790619705588782,2.0814260662166495,2.0
1.874288483951082,1.9025817136576353,2.179793478917612,2.1021749643784835,2.2628308867627895,2.0
1.9141581406707044,2.2750450840893794,1.8891737505831028,2.2998982980277525,2.0211669287233556,2.0
1.8278980505780784,1.6737560984692934,1.9397055370276615,1.9487534604009122,2.1715323820244903,2.0
1.9778818994383585,1.913513604284311,2.2154074945895075,1.9550346877459697,1.8847516367546193,2.0
2.114921783458515,1.9020343562305466,2.1317604283383025,1.8806165776433612,1.9554081634059242,2.0
2.0304353951176535,1.9251747359471387,1.997309706128522,2.163094393848012,2.0821203582640093,2.0
2.0961939700069245,1.8729139122761467,2.1705659536548736,2.1339124681018165,2.200883838452325,2.0
1.8547268335627796,1.9655082806637085,2.1267067804920803,1.8782369765165736,1.9547755060472087,2.0
2.3851611474919054,2.390352202453563,2.247988109965472,2.1877170272499535,1.7961497700989741,2.0
2.1025124462852243,1.928176680986823,1.7882856204789264,1.898198832281736,2.0231330148092694,2.0
1.8905288851402666,1.889840114858632,2.158408299684595,2.0288212970246464,2.0466916159324637,2.0
2.0223744793792595,1.8648593713256698,1.7258856164078624,2.0621129420840956,1.8985926735749112,2.0
1.5978435462828244,1.9214865484069694,1.7815564117318754,2.139730046861551,2.104325045448068,2.0
2.099378628967694,1.866991676368262,2.1463103163724306,2.0639299566268146,1.918029092312036,2.0
1.9093325135722967,2.17854163057474,1.9052791886072684,2.060731294705256,2.2067913973625566,2.0
2.3818685251114218,2.332774624887546,2.180164552841806,1.6988177296857225,1.8621903141164058,2.0
1.8903825625054929,2.3306299665130643,1.8601364118055819,2.077233275419674,2.0201734126514626,2.0
1.8129745581124912,2.076364801923877,2.0796592172394983,1.7488450236516997,2.244575489410682,2.0
1.5826979942289625,1.8818485694180076,2.194394058773115,1.761348433305192,2.070053183912406,2.0
1.740727922344914,1.9813951711111553,1.5372453773655599,1.8314856596573983,1.6914157105691419,2.0
1.9196472515746998,1.9169537208356686,1.865267165738172,2.1595826393133493,1.8226240792257125,2.0
2.1268773346378103,2.3258551539917725,2.0278128300609364,1.82846595908492,1.7501322970276916,2.0
1.8580429799761002,2.140928544149978,2.0311181469937796,2.187359043250798,2.1540661758654425,2.0
2.028162130375647,2.0946976523332923,2.371049241884096,2.283131245234936,1.9394507966191494,2.0
2.1979358883871782,2.117170161163587,2.2272776155079477,2.134323314407182,1.805166512991402,2.0
2.17606308692546,2.614525403441017,2.8805236396739664,2.344867178412006,2.46238205239007,3.0
2.2928504547609574,2.735565900941132,2.0389666289912958,2.0472679397928384,2.575003983964031,3.0
2.4835312706417296,2.4040753969852386,2.4397810426953175,2.6073975828912723,2.417239202190067,3.0
2.2806150056533774,2.314527414385407,2.6776677723993685,2.395051609007556,2.22294448324656,3.0
2.5204356653887943,2.6009989443560024,2.7657921495106446,2.543580677424334,2.3680577505580658,3.0
2.5948015734554057,2.6454349740040874,2.4922189386672384,2.4910801214548854,2.5520265809877536,3.0
2.486028700348763,2.550022781376625,2.2956173351146143,2.2699124460362983,2.332777724099846,3.0
2.6284421886658853,2.551759513468122,2.7080477928499116,2.462661815577078,2.27127172083163,3.0
2.7289107070569116,2.4962465888920216,2.756691007253305,2.619589298278436,2.9377237357645676,3.0
2.4560454028573275,2.680144781017836,2.6782728212705886,2.38897473090111,2.4655035365786078,3.0
2.2076523315566554,2.190240772599467,2.525313760306155,2.6586014141394854,2.627604806699091,3.0
2.5680049196519303,2.672603430630218,2.382060440860135,2.445493450302448,2.6475043026827763,3.0
2.5866237458897867,2.4579622372406473,2.764158877225583,2.2415997497905744,2.3962642625422816,3.0
2.4433204451087494,2.663306975954754,2.500477039583047,2.247701650641877,2.6028008359632127,3.0
2.717509263093379,2.6478609066266054,2.623830984321098,2.125137300651786,2.3200227046513033,3.0
2.5964161217344404,2.489022363049122,2.6045115203997624,2.246731464607409,2.4877010471430228,3.0
2.222043796220759,2.109264287476119,2.5591558177013773,2.668517759291396,2.549123285580355,3.0
2.4934007039470667,2.1875971316341465,2.7012214134195096,2.491191020524812,2.8919124010411537,3.0
2.688462861655393,2.0989749146695704,2.6510099360511776,2.2206929524853685,2.3481009019141874,3.0
2.4498486646479702,2.481187509927479,2.579513043123493,2.2954289918391573,2.269861599148671,3.0
2.620121040346615,2.4973499464131947,2.534874609740305,2.061263329661068,2.464572523336935,3.0
2.321854163387701,2.3158747253966263,2.6843869608449156,2.2808657542054975,2.281420678734794,3.0
2.4337978793196506,2.590057766129469,2.323197054050383,2.746828807156012,2.7899695050722437,3.0
2.3237105867063073,2.450983648884629,2.3442649054684774,2.1629235790257546,2.5606022100912313,3.0
2.646718973645874,2.9023728526253123,2.3205180992737326,2.767247018162524,2.7684707382515907,3.0
2.5395706619134306,2.620432697915213,2.674654609660141,2.89481998964838,2.5955617125232937,3.0
2.487972422899263,2.3267662401985056,2.5610641510024994,2.704832986554614,2.5489220722658943,3.0
2.3440153502149994,2.5178152404993126,2.4741693035079773,2.5529477515511414,2.16763032655635,3.0
2.610157722820546,2.6190846313527447,2.5889706876373015,2.4992474365709954,2.1388127474793155,3.0
2.4961354416057473,2.712142999868434,2.327974224741508,2.1021461067677434,2.1918884056258614,3.0
2.5628051383641206,2.5745752017704877,2.6772586389242936,2.4889482008540695,2.199934324804286,3.0
2.3362991718812647,2.6637678745198694,2.528099181487895,2.629965926935996,2.586957761092208,3.0
2.459007889653941,2.465198632498393,2.871420453951172,2.582934853321844,2.4742824899367277,3.0
2.591083998187362,2.5445811639248546,2.0685287253011078,2.6300169028744627,2.864187854817935,3.0
2.3439440263219873,2.7908071497678333,2.4486260605336168,2.5586942795299645,2.7140720033946346,3.0
2.3559997137418383,2.7484987825636944,2.257156543728132,2.324969050217217,2.3812959365304947,3.0
2.6324010732903806,2.4318251178861057,2.1960051080828262,2.4566934256300343,2.343155723493123,3.0
2.6462587241680735,2.431352989108979,2.51415481518013,2.4189055085718656,2.586787793646058,3.0
2.4632818473058893,2.565039742937413,1.981322287051658,2.519450175395557,2.5827827340220466,3.0
2.4601439890170815,2.633878494278508,2.6477214057985643,2.7608427783699008,2.5209623216144563,3.0
2.1172398590660038,2.042900110242071,2.1796318095850964,2.4924185877631726,2.468538942343887,3.0
2.5552479704039945,2.3749508154885652,2.3527017656988503,2.6110095884820868,2.6311848822745003,3.0
2.448669972903904,2.4923046683522094,2.580862868665798,2.600868715032599,2.2712038600802518,3.0
2.35608522881641,2.2538907908709227,2.398618677032634,2.6624667178683663,2.609254373388753,3.0
2.2803804079274883,2.6024533453651966,2.5171686210684903,2.401214658582816,2.2187080689792738,3.0
2.4650353256764466,2.635988801223191,2.0673804703207748,2.42077536044971,2.9508567397609924,3.0
2.6345273437136187,2.551966499000695,2.3525629660858174,2.364334032425206,2.4833423208600074,3.0
2.820572725875427,2.593117838178986,2.3255683204458353,2.735357392476773,2.441481158568382,3.0
2.8394692962027896,2.386679395072459,2.2993468486192223,2.534925915562714,2.69646539676006,3.0
2.707488959346182,2.5318383533337623,2.3023806624062777,2.398931855620423,2.0963436263291566,3.0
2.317375692486236,2.4643086370205474,2.5778004281306957,2.4321091357070443,2.488604189004452,3.0
2.4207629110500366,2.650205060837954,2.3201774123146923,2.667509582829265,2.892176162502782,3.0
2.594557931204386,2.3945816779551916,2.392745971182643,2.7419674444368196,2.2746821148256005,3.0
2.3092391159454873,2.2671103092259073,2.244297231895863,2.2910367361240285,2.6579809883570986,3.0
2.720456512917605,2.3605853855279633,2.541466809209138,2.651831335021647,2.5201128406194324,3.0
2.3090114484765523,2.205919652972384,2.7020855106251016,2.599235882457676,2.615391178679731,3.0
2.278470619819794,2.5469954385778104,2.6257999174913644,2.562806768729429,2.350995356638462,3.0
2.702452102013067,2.1944736103642453,2.6857483849613883,2.7162111888174145,2.814466063507045,3.0
2.4315015619499114,2.300113996687696,2.6587760724616762,2.360156944182605,2.5087991022887977,3.0
2.4365075565679857,2.319585605717383,2.5641998932369785,2.221596816688393,2.618441136328808,3.0
2.306613782308653,2.1536537307064147,2.4899785082419412,2.586326770562245,2.615386919410645,3.0
2.6636707461654323,2.0292719200619174,2.2989711138086655,2.5213304589006063,2.8038006559872293,3.0
2.6567488987349455,2.8802680103696225,2.3950121154172,2.554883399056402,2.2800058384861384,3.0
2.4191295560752,2.3529408563434053,2.3732022681366556,2.4213101757628674,2.500543507978136,3.0
2.5044425329032967,2.6086906879165452,2.527997693477372,2.431190874230075,2.3954842916936108,3.0
2.438573655968263,2.4101925717106067,2.598194211036396,2.6731050381342527,2.754808907589417,3.0
2.3404594480119165,2.5938744450677502,2.221064071681465,2.5746349436505156,2.716534456418213,3.0
2.470082099666601,2.7145272094517745,2.2722864259369047,2.322270943381673,2.472838031471263,3.0
2.704442070917165,2.416514108731602,2.409289379818245,2.301674328324396,2.5405762088885244,3.0
2.749339028178887,2.6401360218187384,2.6393301308672528,2.458605105015267,2.387338128147217,3.0
2.6354491832832743,2.4936177848731718,2.4652783528561235,2.6796481244807233,2.460442509665454,3.0
2.332444748122959,2.681837699066193,2.5161439780867734,2.2925941312302616,2.2774188210256767,3.0
2.5190823751653735,2.967481932295655,2.421435879290758,2.4327452281828843,2.804754239523411,3.0
2.488543760041897,2.2103066273504024,2.1854407094903654,2.745332794757496,2.633270908450038,3.0
2.6652251416862387,2.4884486883242576,2.3546575948034403,2.456567376855167,2.5272062434748754,3.0
2.33233776886026,2.612289981910225,2.2480807662400557,2.4334482470849554,2.4591984255046992,3.0
2.3617960373649263,2.0588989289960358,2.5895739328222507,2.3488498479119464,2.7651415918648743,3.0
2.4316035444631896,2.391728082313756,2.5183043893557753,2.71068794972609,2.387318467376366,3.0
2.7029475389659554,2.7880607282035244,2.698064562131189,2.8252862981984515,2.758529204202494,3.0
2.802976458778601,2.820865263883128,2.541613905925993,2.4141552200855605,2.047551272951239,3.0
2.235453376095641,2.4103434401682406,2.4236529825518867,2.4694411073195828,2.29984790195025,3.0
2.1808444777117373,2.473955366706655,2.462116414237642,2.3384891916900266,2.351569567669923,3.0
2.3119686816255185,2.4206952521967366,2.3287394346009496,2.751975066303403,2.548199346409024,3.0
2.3055364163946965,2.443910443706509,2.263942878729762,2.7024336590349574,2.776837344916164,3.0
2.750400396550606,2.2710614737514803,2.481746596054765,2.4196858648974167,2.612402621182836,3.0
2.2984180393432205,2.3648216611997968,2.4173565943296382,2.530657693826485,2.6388257416275773,3.0
2.4342544614526784,2.6327930151052445,2.6644152713594274,2.4573569526256356,2.2508683734268806,3.0
2.265761932913172,2.6183453950303135,2.404755112737066,2.157474135463509,2.6225904736366,3.0
2.525910904109244,2.2188065837714745,2.735883996240529,2.66732719743155,2.527749050258036,3.0
2.2451361264531164,2.2195338934229434,2.4385863026317125,2.157216922089942,2.581016054636897,3.0
2.217835337323933,2.5329825458509396,2.442373709454655,2.642357053619409,2.3124104809477024,3.0
2.554745889904945,2.2210319614330714,2.6591099103538816,2.477007646744501,2.599170133793086,3.0
2.2358949306343936,2.5998168551343532,2.5612406792607416,2.5727395785426728,2.5625267926027973,3.0
2.4613072234419304,2.748259844063198,2.4688204028468594,2.3521661599218344,2.4882547613262123,3.0
2.3098964109110938,2.4072007153338313,2.46455067676212,2.424089175870828,2.539879414561097,3.0
2.8891522782612653,2.614189967969224,2.7144601294576183,2.399258112526353,2.3825967422989702,3.0
2.424364390621402,2.6705778194537757,2.0703763043538204,2.2933670449417267,2.520467169366844,3.0
2.455181526587414,2.8935459364286094,2.589536643148531,2.367561711293904,2.1844785862921308,3.0
2.4318879930124275,2.239355983464317,2.593350130083687,2.5322212644483355,2.564006386418546,3.0
2.9158353329590074,2.3185068037159406,2.4615191584408187,2.257496851102218,2.483880296769975,3.0
2.818654723190005,2.6137444798240943,2.47710259088216,2.550326049763978,2.257828872411282,3.0
2.4212532576611223,2.5170505149140774,2.519884397341708,2.1938767511202766,2.5655246358469563,3.0
2.555839298502842,2.4245897587454444,2.5008349998165,2.2033016893263997,2.2040408769351303,3.0
2.5269374524676476,2.366455361816767,2.4976888959551395,2.667898134463521,2.4652140139389687,3.0
1.9378663890341605,2.4698692723958215,2.403791195601193,2.453061129135416,2.6799461625143106,3.0
2.1842939628117772,2.5487913247815968,2.8140607823822466,2.3748113770063086,2.5944655772371474,3.0
2.6932611557941604,2.5420462878204186,2.3629806039337145,2.3580957978584,2.6487600307531967,3.0
2.618429818156347,2.3427063169857547,2.2647053691277836,2.2438386571702007,2.832330372236954,3.0
2.4864109759219004,2.972045717130683,2.6111091206141084,2.5879044645667597,2.5612544976610367,3.0
2.699829970039473,2.306787362991186,2.932002621674147,2.4799396594776337,2.3593199815614376,3.0
2.560512200457684,2.7184677752061597,2.2984890248434047,2.6133738744882145,2.3567111684827045,3.0
2.3987452933651023,2.4021035162489937,2.652708293297184,2.2781854536411243,2.5385232220069227,3.0
2.4313164271834817,2.3305579644082943,2.257295279449104,2.2594223350967995,2.1732407964694405,3.0
2.6792334387498538,2.4516693674737557,2.5317303860132485,2.7356378728963193,2.2559765686136894,3.0
2.311690864936857,2.5509431073387567,2.1351840895839267,2.3842582974006263,2.3150213853799064,3.0
2.5659044884339073,2.4148368267272264,2.9016298558753917,2.687578274413879,2.3293523031449377,3.0
2.42253731250863,2.430483097416911,3.1613148698221125,2.197960071204372,2.5407079400809227,3.0
2.083113572927694,2.4986125117588154,2.8819781123818022,2.4183089136651783,2.7209108842944096,3.0
2.4867769548093595,2.415500256634913,2.449668728210721,2.382619470964,2.374788345622035,3.0
2.233961117535101,2.801360145789889,2.4213847208413113,2.5587548621531506,2.324693629712043,3.0
2.72339811188307,2.445288844418434,2.481793466428439,2.134204672940811,2.5791952422279225,3.0
2.8623011409640493,2.3261844828000178,2.4083541692595034,2.2723352083569965,2.525832434848075,3.0
2.512804839581366,2.641016220298894,2.610294709360184,2.33749679076288,2.5449896098128746,3.0
2.4343397786555054,2.2817934045246573,2.4746288254074775,3.260332042993423,2.963034126801189,3.0
2.5279653195535303,2.847771441602151,2.4909233271707456,2.489372332111704,2.1100856424740475,3.0
2.3079788868111426,2.343300147202705,2.521503806333086,2.5027969069718554,2.3842115297216266,3.0
2.382237360093231,2.4667693728784097,2.2237176698635435,2.377472287926288,2.423742026038341,3.0
2.250210213385425,2.433952421347091,2.3330385672930984,2.7470764784018953,2.4512392405721757,3.0
2.4620908663486847,2.5856056214042735,2.611393663368126,2.1527516391399697,2.424643178178493,3.0
2.318193534749582,2.4709659511613564,2.392733495760217,2.5314138925715617,2.303908150887569,3.0
2.3864465516959625,2.381768066215529,2.7165182740941787,2.5736007318561085,2.5737777415171332,3.0
2.442736343837995,2.423056429581289,2.6122005776995274,2.655486786758757,2.5030293571257682,3.0
2.72832958909522,2.754831005503037,2.167060392122217,2.58607577695661,2.4914796143017925,3.0
2.5776577627936486,2.7231953056053486,2.315892367381712,2.1759451795154874,2.721238294570209,3.0
2.3003030710139174,2.362756097215793,2.5409241786839303,2.362779635767729,2.1815578743368804,3.0
2.5068379534831453,2.343703068207628,2.6195719755740536,2.398784688784269,2.3623107722558405,3.0
2.4579998921779582,2.710430695367734,2.681580816327537,2.281354763508056,3.0599415298173835,3.0
2.4348447350829945,2.2695168542080997,2.6776463980097556,2.4276655085291297,2.93074390156793,3.0
2.6694816710963067,2.4602560307382464,2.815061375546441,2.669823042294089,2.254220960613022,3.0
2.6776788219144807,2.39670251161031,2.483334742950665,2.5262108898434925,2.324180797546748,3.0
2.2333315442218598,2.573556802184059,2.2223533002660276,1.9849594746461467,2.332778879125714,3.0
2.56621848429768,2.446023773286007,2.7534261881240143,2.5367506990863378,2.3467380696105837,3.0
2.412083289904101,2.212691728146164,2.717159444941186,2.2237799827834084,2.315918473576146,3.0
2.4679427559142746,2.5004706528981644,2.199469927298042,2.318892840956101,2.553008120447864,3.0
2.725944671799399,2.569800712418035,2.4948380476818293,2.187518253225974,2.376531530689582,3.0
2.6042988482622107,2.7161893339709775,2.677875181631051,2.5276143288891215,2.7409200933298354,3.0
3.0762921426327927,2.3812276169234625,2.3473768409309925,2.803696585155944,2.547092905077084,3.0
2.522461537685454,2.5784748655318253,2.369102698963008,2.293040943049882,2.344570498090338,3.0
2.749189251366203,2.212671867063084,2.59973092912971,2.3884625079948982,2.429326622256931,3.0
2.648590195321667,2.668797782671579,2.5685953075733874,2.1253760675267985,2.814192941735158,3.0
2.762039303439912,2.5182873666382295,2.5020515633918823,2.860289841724031,2.6894448542587455,3.0
2.494141119285016,2.441532264829771,2.4612925777977948,2.735446410879433,2.7079983569413377,3.0
2.177315397700239,2.592928479773213,2.6728242662755215,2.1987073668056563,2.4994070497123353,3.0
2.1445912787246963,2.5258985671882774,2.08335309961741,2.3636508952584165,2.377786817100973,3.0
2.358230035971479,2.790305603394913,2.6071021139478208,2.42008622793532,2.31338443182118,3.0
2.4522447366309534,2.294177406340137,2.694616000829933,2.899353200309557,2.7106399796164222,3.0
2.5663380691090296,2.466874243341371,2.418978742107708,2.8490569145375186,2.3848128784956932,3.0
2.81221971137915,2.27369215159597,2.4407536691203586,2.157188681455843,2.531846840245656,3.0
2.2472544756247586,2.8330098813580884,2.582454454332214,2.6074793493753634,2.556535689832954,3.0
2.2814918371217723,2.5248236575467655,2.867416137573549,2.501710985201262,2.2965967596750376,3.0
2.1295314686609927,2.357334601921585,2.1475542204918243,2.6661034738085196,2.656233453236449,3.0
2.3248636345558897,2.6227962616938854,2.3847090694086037,2.490877143445028,2.5743911103129955,3.0
2.4112079981921015,2.5836406697306233,2.1628543899064896,2.5234949975975938,2.493009595522453,3.0
2.090721372750378,2.1380619614537024,2.1280952788746146,2.5828613667847904,2.5247919253743323,3.0
2.554791515434808,2.2347243014983675,2.7277947621332532,2.696568243963478,2.346607392995334,3.0
2.7352120552907593,2.449815520643768,2.1447589951979937,2.1734610467698214,2.646744697571001,3.0
2.479190237866204,2.6762449892907862,2.4823253750535175,2.5535341786721557,2.9247052845960346,3.0
2.77936981752628,2.413434546277918,2.5749937449406253,2.598889088612358,2.652278233499221,3.0
2.5142017610376057,2.4012936299009926,2.4992754365526997,2.4039425781043247,2.8366734562479587,3.0
2.7481452477670647,2.4592769962241223,2.5856584521387624,2.466908147152862,2.7386482271936425,3.0
2.7097761032835983,2.6137221665421775,2.6742528539229053,2.6321141616083157,2.73481237076166,3.0
2.60622627466584,2.5303801058229047,2.3845548752801524,2.1856498525013635,2.4944303238986576,3.0
2.351788893319174,2.5120018133914246,2.728097684837418,2.5345649350880706,2.416999665778075,3.0
2.329374275027672,2.2139729585152135,2.7665610670714975,2.14466179621415,2.313043394753788,3.0
2.0373596132605867,2.436771684850057,2.4315430880478837,2.419141115874101,2.4873740200047196,3.0
2.3357469851164483,2.3172688719022534,2.8635652826522153,2.4331874103273257,2.681531724989353,3.0
2.3326457914694023,2.8225457189504173,2.8028364262015595,2.5462037364434553,2.2800936814061035,3.0
2.517400277145532,2.5094609000082113,2.5479247828178995,2.304355876760066,2.195399972764141,3.0
2.532472607476407,2.497941736733256,2.500415004383873,2.7053601157701936,2.204967903393727,3.0
2.702138743197561,2.3513544919965366,2.420955586829988,2.334844127349746,2.5179239715678503,3.0
2.1188364250400147,2.3863828559425615,2.3968486909429294,2.752786040472639,2.5301396287574436,3.0
2.6391036622992607,2.5011877628773007,2.290219925707457,2.6814409736366493,2.3309117315864865,3.0
2.3947513318454483,2.536419955761913,2.6891077578894214,2.4597230913434514,2.802104946396655,3.0
2.38570431698958,2.633117857390926,2.500723260190141,2.809334367642484,2.5428812026521963,3.0
2.1245374363887803,2.7176670419619016,2.4836902973318944,2.3893876177863236,2.744592952384168,3.0
2.4337382727940997,2.6199973486324684,2.3463233361404647,2.3327739746344025,2.8621163521167223,3.0
2.342593452547463,2.383045812716506,2.1583358416264633,2.8259964488015648,2.57959966465902,3.0
2.5475559266905194,2.6950276821157257,2.2341326861331465,2.3917906436160656,2.481712453750098,3.0
2.1903057898543077,2.76228542526999,2.4963141899613266,2.4353422727489,2.5472450979136565,3.0
2.34948354313264,2.5090226007625933,3.1855077094004987,2.62093640604916,2.833662211926865,3.0
2.4289833755088157,2.3496862019738125,2.561940717874332,2.231659011315193,2.038608446910841,3.0
2.6463185010044277,2.628267628994446,2.6667702443506145,2.505633974637999,2.8956745399759325,3.0
2.482534362588477,2.3892070518418844,1.8987002569985347,2.4905668264693515,2.6663755570119356,3.0
2.5013722397078997,2.724844346889352,2.9589762332510783,2.4653299583245603,2.7462507119186617,3.0
2.182829484963995,2.706263820871325,2.512698096077354,2.455721900330587,2.467320215998702,3.0
2.4687393063322713,2.43823941813095,2.539734594029933,2.4651415731867194,2.2688415042073595,3.0
2.583410777798425,2.378426410322106,2.709597322958426,2.4932346066855238,2.525404790664238,3.0
2.0901536173510666,2.2486639743663757,2.68792287870149,2.3532366547947645,2.39351246820021,3.0
2.444412006546344,2.7727485185654683,2.574827599560317,2.7620529206766657,2.446450440493762,3.0
2.542635252753278,2.259351308924805,2.7356062470286746,2.521729640738971,2.508825819759255,3.0
2.567663107845132,2.7893584147840644,2.457100978702282,2.832607791550981,2.3296954831192416,3.0
2.5844369215938183,2.9018437122349754,2.4020370537482796,2.549051170688684,2.675501012567287,3.0
2.4724200602202586,2.199929344767134,2.2888081281862087,2.616186517770767,2.678303063997849,3.0
2.656911066864199,2.729286402773569,2.5143970389872043,2.5416466341422015,2.196226268168494,3.0
2.563465790740467,2.6225361570782195,2.3833577410368028,2.6288003397789823,2.1368222310964353,3.0
2.6502199195589076,2.56005686472416,2.9221217067176037,2.7826171073730532,2.801396071711706,3.0
2.6634794192736333,2.6293231227830516,2.2636737370174145,2.4329817399296427,2.865345694132173,3.0
2.208767110255382,2.409943633037374,2.216153183837066,2.7901903628064253,2.3868437342908777,3.0
2.8089068731862583,2.4172475012561403,2.3991735839672526,2.755705837796933,2.6877663452787552,3.0
1.956743938156485,2.59022815797144,2.6200333756504586,2.541961386180182,2.368468399235045,3.0
2.505681688927918,2.4203877038068673,2.542264605521995,2.459521147427787,2.3756143683522106,3.0
2.532754089260923,2.6604877820368786,2.5578011784790733,2.389271522013754,2.567250804074082,3.0
2.713958478371793,2.819080833715238,2.7415105168318874,2.6074760386718063,2.298175193757223,3.0
2.2268894546158258,2.4595237572561857,2.2181630436887674,2.3430430541878744,2.465975539049767,3.0
2.403157915652219,2.4344163887379167,2.234399074540378,2.546293351958642,2.6993016102133813,3.0
2.390372506442166,2.645151068838243,3.0325453427436155,2.4816377939731096,2.630242001589906,3.0
2.539354018017471,2.6939247458448095,2.156270024677581,2.288608646410957,2.5286927856142762,3.0
2.677392513231693,2.526104805172988,2.167085349806471,2.335277344708321,2.3410587764805566,3.0
2.5777983890006095,2.3475922080319145,2.3638385790398457,2.716949515327541,2.767063255359718,3.0
2.417345038932792,2.5849805344699748,2.1237032402937315,2.539665411871068,2.7379956099591656,3.0
2.6053563410514697,2.5202121688714945,2.4222714053054726,2.3706415968817196,2.4641835189612395,3.0
2.1897117723527377,2.8220917956596487,2.6128421280789635,2.4795125931573434,2.376039045034532,3.0
2.4859320759684516,2.6595589884525683,2.7022895782437892,2.3192618139868513,2.3052942479652687,3.0
2.915645992561655,2.727318571543137,2.641703988165601,2.472270751256526,2.6848040676525566,3.0
2.2453533648337767,2.806353684307008,2.492845555052568,2.6581723004317506,2.6292435549790354,3.0
2.473685817747614,2.4649267289805064,2.7443166282551967,2.705299480916518,2.1455537760039154,3.0
2.1615188525887086,2.310755875928768,2.3212909203400596,2.276294825482554,2.5544221286524578,3.0
2.4072591105732055,2.741224924352434,2.7905755531034115,2.4942633525004814,2.8366915897345786,3.0
2.5048428620281444,2.41304187065002,2.5129571478587827,2.6889720003986133,2.1771078054600204,3.0
2.4582801355551087,2.5594811320633744,2.5726169330477084,2.426312731335418,2.5977571485286943,3.0
2.5584243235901725,2.381618377305521,2.936319725787755,2.5879100412062614,2.433763329965234,3.0
2.385656193304312,2.7058817836461833,2.5204119582128133,3.009622539563038,2.412815175409582,3.0
2.2514786123095423,2.4944603082332795,2.5350134917674887,2.0763098730719407,2.438166297123704,3.0
2.426316911722481,2.42624729275889,2.373954850473879,2.231361491382312,2.6516076102843513,3.0
2.383231831202065,2.2952597095198293,2.3480131464364185,2.405535352050609,2.521729424942605,3.0
2.6336677972720977,2.309364100396986,2.4041405204891135,2.230898454396005,1.8215400013155247,3.0
2.531158786146318,2.8040007035001486,2.604416650670565,2.3985880087714024,2.519295828521047,3.0
2.2650359798009876,2.475541528393484,2.414458149388485,2.329457153586523,2.5811304459609308,3.0
3.0199734328758114,2.833089901286943,2.4855853957355807,2.6768229309431724,2.672541486813925,3.0
2.3704923948628362,2.6287808147001233,2.21180158029877,2.3389403216296833,2.5477505740812263,3.0
2.417042467528575,2.8512957286060443,2.629608086911069,2.4235923757668054,2.4058840573773037,3.0
2.5373941216426568,2.2888937422715636,2.6191223906589096,2.224939610010905,2.624602039192148,3.0
2.4670810536039176,2.582922703618253,2.2974828149324074,2.5489970414176235,2.982469548302531,3.0
2.408556649507867,2.563479972065805,2.8011133899514618,2.6523408289720267,2.586377096828926,3.0
2.2972621454957616,2.24448232554067,2.510686488136492,2.4073528289373596,2.4961883572449417,3.0
2.5411313348039033,2.364714432231423,2.598820605202784,2.8717112377182206,2.298131802523911,3.0
2.4060907282958177,2.4900778682640006,2.728091934788118,2.2627235998636595,2.2869703791231837,3.0
2.0672677974367275,2.41192755735723,2.6360291532043667,2.713044941795628,2.5714307322615464,3.0
2.3798086041235087,2.6412943227404746,2.540863718123223,2.115858880214014,2.2543810334768923,3.0
2.802373061039259,2.564441016595054,2.225041122298284,2.663990621612357,2.712286991952528,3.0
2.912993194108062,3.131536419277357,2.251979872409644,3.1947153590376316,3.235031078383975,4.0
2.7750594570472535,3.0564170799030608,2.932375891390512,2.9794941038458345,2.9150239110929865,4.0
2.733540906629036,3.378080740616331,2.9379378300841568,3.020951008852446,2.7981198839497137,4.0
2.7926265677751307,3.0825196830151,3.1052784160302225,3.175584833864949,3.220754800498738,4.0
2.9579584918998476,2.91115938720141,3.1493627665697868,2.872512159313913,3.174351699179566,4.0
3.074900057448458,3.2310052869166994,3.1340783377695662,2.7891108352217677,2.826873271682795,4.0
3.1464970594014776,3.3814111684835546,2.7354376598433965,3.0046423208650546,3.0563349114960983,4.0
2.6948444976268906,3.095624999272603,2.9813754415905125,2.5806885037568703,3.324345595649919,4.0
2.8273583561857856,2.7434993171409916,3.0840283244423388,3.111497359180979,3.147282280739254,4.0
2.9227993275581374,2.997817132421818,2.853838647365227,2.7379605388735584,3.2158261298108473,4.0
2.979447462996441,2.9635371489154085,2.6001464816009334,2.9643257791439326,2.8315011005817103,4.0
2.965077269370037,2.9561511696286256,2.9107070417334073,3.187767728582228,3.089410830464831,4.0
3.2254309028943093,2.735034526008055,2.8702088145104367,2.9919438363355426,2.918672206019313,4.0
2.9841484549006525,2.7635793201383354,2.856764388547552,2.6716892090295974,2.821994889645352,4.0
3.138835344078403,2.95715862304681,3.3011506477515016,2.8808932251388644,3.0238142161744657,4.0
2.757349533969516,3.5201343740834807,2.9642758802599087,3.165925968059883,3.082677004173431,4.0
2.883224237032145,2.733819743692862,3.0312286249077616,2.8886420511273334,2.9688991397016538,4.0
3.1302604117594766,3.015648231168076,3.075423259473719,3.0300093152111542,2.7065501334698983,4.0
3.279212439140268,3.235170459286951,2.7727670291486564,3.101060122285434,2.8675951459676283,4.0
2.850616732587346,2.9990316677329907,3.3495336460995397,3.211591512296377,3.1210442716663716,4.0
2.7698788728491897,3.5108898837502753,3.1747462091321355,2.5302325160169774,3.0798948670416983,4.0
2.9022610568163834,3.0819964711897936,3.080128073361905,2.816296184705979,3.365177150461539,4.0
3.0399569242838846,3.188269581302082,3.270284712949641,2.8523684804096026,2.8176463030386953,4.0
3.224381469769553,3.2785674865513714,2.7245962858417725,3.4022486372315326,2.9528993371332293,4.0
3.138356905702477,3.1128776418209454,2.805731536033335,2.8271903722105547,2.583281532141015,4.0
2.7697699728746876,2.703504807851475,3.0080381031540586,3.2738804305444162,2.994571013866705,4.0
3.067770832436547,3.1556007086735858,3.13594188820406,2.9228336999776996,2.7073309878333,4.0
2.91403889799187,3.012591871052781,2.825670957445838,3.0723921421402096,2.9414575808115715,4.0
3.1243643055021786,2.839352104763035,2.815606468138123,3.3548112675407875,3.005751247542737,4.0
3.110592769879107,2.7803155494215694,2.9245471089035746,3.136433896561523,3.313123171929217,4.0
2.855102985040091,2.839416517712207,2.9954662119311304,2.6951209700502274,2.9939733387044747,4.0
2.9870543230769213,3.144949830065852,3.282921948537794,3.113968863560018,3.148310210191938,4.0
3.0104557902268603,2.928051084704768,2.6008046261686473,2.8227558361650766,3.043453336938666,4.0
2.6708812552420014,3.048577964556654,2.9198330579464096,2.795688029483662,2.9059951366689996,4.0
3.14575630425232,3.1771002219238955,2.612595718510152,2.970103197570266,3.1827769316567016,4.0
2.9484210280781284,3.0217630541828426,2.700917824947946,2.903993268636341,3.365755085877645,4.0
2.84238639309693,2.7118735313607965,3.029894351711681,3.1577258666131476,3.238762098125051,4.0
2.8964554715749458,3.044495115325744,3.1088709756570787,3.1298421055668424,2.890559451198091,4.0
3.342544986179139,2.862540595489854,3.141574431738627,2.9956177527708947,2.882556287195096,4.0
2.8714297402074864,2.882730617815953,2.910625786989341,2.796222880128818,3.139481940642354,4.0
2.8592969368759555,2.8769958302599012,3.097738118241647,2.9784076113732705,2.7156192729442177,4.0
2.812798100291147,2.960688551115801,2.8850024325265062,3.150096507450608,2.8471195942018372,4.0
2.8065745857913575,2.797890758244275,3.081331449391528,3.0966943452171467,2.665511082485824,4.0
3.1244150393036203,3.172194654099189,2.66180044763819,2.861913714127808,3.285778484871595,4.0
3.2012203412050497,3.0049585318502086,3.1002498792578863,3.422403924724015,3.1005593946905243,4.0
2.7558382277162217,3.2729877999201653,2.8258122218750765,3.198780447169567,3.1312541321913776,4.0
3.177902710601152,3.3081865950818314,2.7068171342984098,2.9860822890122405,3.389209900509176,4.0
3.1952763489039895,3.0354316674682624,2.79536537399421,3.0213440985903914,2.8176237402911974,4.0
2.7063266087071147,3.1152957406117103,3.0130611210676697,2.8452974394478576,3.0789896377924495,4.0
2.89922202244237,3.355911816841476,2.9938855111260083,3.3154176424940194,2.837439579832222,4.0
3.122669833080727,3.3687399952955137,3.054218196443172,3.227289525410303,2.6523336263650696,4.0
3.1414269488641855,3.0060772262929767,3.1530003954769015,3.1735330436026223,2.5487499764379162,4.0
2.91127945207878,2.865995343880108,3.03043283800114,2.6118933205660566,2.78189826650366,4.0
3.2003841407055336,3.0353784892104736,2.7823970917166707,2.9493565265889066,3.219654611545169,4.0
2.632086642806404,2.957714277291548,2.9540673513418376,3.0373958828938092,3.100755893233577,4.0
3.3820685003176085,3.110756238885322,2.8825037065344885,3.251589988589186,2.8282663203804144,4.0
3.0872374190683387,3.3142926102619445,3.2154629762735336,3.1622179353309043,2.5536924722556473,4.0
2.9797994965389245,2.882524986690155,3.264973654295744,3.1681296956276186,3.0522212363125916,4.0
3.1588883296602432,2.8700767026975935,3.1268569020767067,3.0190005324949665,2.6633586385970363,4.0
3.068809227598985,3.1414316061266536,3.238682917028127,3.1054777055130014,3.2013407847844673,4.0
2.653534533583345,2.9253175674299357,2.9714979205839662,2.9340515270474965,2.9821915761007,4.0
2.8845207502522463,3.147233095849004,2.8017588903055035,3.0250349223392567,3.0146305426346998,4.0
3.0287874468759073,2.810455136454987,3.27984598493707,2.954775254729093,2.7122291670306433,4.0
3.1602602036594054,2.999333710813259,2.9806116884685148,2.9808257099897997,3.079087392786058,4.0
2.9893513915744174,2.845300083501108,2.7161628984212713,3.060690386518926,2.696358658962113,4.0
3.2239415450497737,2.8092278076491666,2.830077195606831,2.803620061390524,2.727384466368859,4.0
2.845480288067501,2.943274909548698,2.53447919145977,2.51095450184426,2.8568270145352983,4.0
3.176679368491213,2.7399120286799836,2.984732183184272,3.286111363115993,2.7353182833552236,4.0
2.912328766766648,2.851369503762247,3.1783935163995793,3.092774553045704,3.1235321693469573,4.0
3.4992834125519705,3.3258950445618134,2.98019105966192,2.959601608948368,2.710234822266046,4.0
2.657167062513491,2.990071685844425,2.740120907323495,3.1250710858765367,2.841656142455434,4.0
2.8834113210990044,2.6894638917881672,3.4220307048437806,3.1517659098046202,2.8580139517860834,4.0
3.0302294064292314,3.264618261596237,2.8144349851546187,3.3813197365412235,2.793565021117441,4.0
2.9645277033457007,2.669924320870567,2.4922977747890744,3.2020181561071643,3.0171404184026787,4.0
2.653227803937094,2.6718797589740118,3.229072279931383,2.9698809782954556,3.2862886494193155,4.0
3.1273173536472605,2.9866874304892326,3.006465996153651,2.8889852705506707,3.0195572218458016,4.0
2.987803003598023,3.1675033345317805,2.967316311784784,3.164711098373748,3.184126458154979,4.0
3.036152521396476,2.7374063332001635,2.9679046587895432,2.6187850708027662,2.7586756757295063,4.0
3.14608366663206,3.098978557885507,2.9993582243130024,2.939513368600515,2.852119810755944,4.0
2.897437583411631,3.193050303454801,3.0953358514719667,2.7257567012918655,3.039770568512911,4.0
3.0279925659376423,3.329734694675617,2.6484896501031807,2.843374092180684,3.1947251672432886,4.0
2.7778135551175516,3.4771243264684877,2.7642111555756768,3.0058244290438245,3.1119095115909996,4.0
3.176207428505649,3.143041696951009,2.907584492742885,3.1826414011285658,2.8490695024404613,4.0
2.8930045714674337,3.0913284922349504,3.301915391584533,2.9543657525179423,2.821931693528965,4.0
3.2419543814626457,2.747039993500144,3.3676362978073366,2.8031834623083554,3.1281896893642593,4.0
3.185338245104908,3.1570068108925646,3.045400527527994,3.0099059103735977,2.6693638997211355,4.0
2.8438360724575342,3.1449289374711156,3.132673833323481,2.7924237388778055,3.0693958039790163,4.0
3.0504061977180252,3.3501837684906532,2.9163197680527424,2.896028546372737,2.8153114063347697,4.0
2.800144305836119,3.074989672312218,2.8591317721842042,3.214940771594035,2.8745401877370877,4.0
3.3067991350406833,3.0835450915846216,3.05167672527997,2.7699142874333074,3.0658228372398004,4.0
3.009104395304685,3.1264165206752526,2.8978305403483207,2.709274024738737,3.055044319776981,4.0
3.0279574493398447,3.048778472106549,3.2011300324953367,2.812071873440874,2.5236499724609875,4.0
3.0950054004693874,3.081182504040621,2.9045887388361,3.0341196403127775,2.790443838054953,4.0
2.5787605576006944,2.6614177103228776,3.0084722279754046,3.276542082958743,2.9220963223389815,4.0
3.1627875820334648,2.881133605705086,2.9889121954241933,3.159312144771713,3.026635977021857,4.0
2.8916643302599465,2.8269395272951656,2.9814943750152536,3.236420418553269,2.6858690812635055,4.0
3.171866152305332,3.056729398559557,2.8061775466198537,2.996325254175795,2.959192910653693,4.0
2.810451927022909,2.892112978029263,2.7487425398426226,2.585695282517875,3.0302472875319864,4.0
3.2088978900101606,3.326669812261594,2.777724290428822,3.429473033026066,3.3052613466350755,4.0
3.28469500681079,2.8428667214866095,2.8875496749837093,2.612328516420111,3.038231847345316,4.0
2.921279415215554,3.0323581376103275,2.833096392938395,3.134574093628452,3.0686376219231537,4.0
2.771175384062456,2.990822410897742,3.0569369001971713,3.401688311242314,3.019156169419801,4.0
2.811918200569126,2.9367473896455536,2.9937553068255163,2.973280942272621,2.63170562139615,4.0
2.933684620957096,2.8613382210750378,2.9478974077536666,3.424192481069788,2.8335418785237576,4.0
3.2875882008200277,3.232123628868698,3.1366995637951143,3.0006220836742576,3.1308786841781773,4.0
2.9100160443576506,2.8907081737175324,2.850427665571628,3.0547803181894313,2.9580458836048225,4.0
2.9520829868002765,3.2840457625429513,2.859050297643508,3.147072979064622,2.895614476571572,4.0
2.6815609948473016,2.714809910431923,2.901689525470027,3.125922297941088,3.128357278865932,4.0
2.951862569465179,3.1236843417710243,3.015252622015151,2.9477019361523897,3.1709462532944754,4.0
3.2375787800719626,3.203205478519741,2.938625407802271,3.1135415255716286,2.5741508656937118,4.0
3.0390133845466463,3.072200473147051,3.0303950397911583,2.9555454540089876,3.260954637250452,4.0
2.981352459851797,2.9720924129027724,2.951812650696838,3.206821075863414,2.941508075242065,4.0
2.8331301264026862,2.978248291678616,3.341542751575083,2.939862777026096,3.1231543268470707,4.0
2.944377852236806,2.9446506370586856,2.8878317232461406,2.756739188130916,2.978043674317977,4.0
3.143691150514095,3.3152385927137327,3.088373899250711,2.83662778433758,3.149100919982073,4.0
3.0908058347716767,3.2796726381879617,3.417922091199384,3.2429215510428056,2.9214483602477586,4.0
2.9681540912598994,3.2315881058813267,2.898461372812685,2.9719033071131316,3.126868048145055,4.0
3.2141212109175554,3.0445821538443782,2.4214960356001725,3.067873192936238,2.937590160933578,4.0
2.804815800574359,3.0048260332241705,3.2240928299718097,2.774024554121235,3.317984598279456,4.0
3.195746020144501,3.186832725023272,2.837058281157938,2.949751510564296,2.9234330256618244,4.0
3.0000681915867364,2.987559039868019,2.9365302238361943,2.9644145307757417,2.9576759366077643,4.0
3.0534967726117133,2.66963659292098,3.097315669765498,3.339454339676589,3.2145001694567505,4.0
2.810820554708535,3.2089216047420717,3.4579255705198086,2.9514887480995475,3.1442063842585792,4.0
3.4598760799959187,3.2060591255187383,3.310144120240499,2.780954888898253,3.0471241715935133,4.0
3.0783938205276904,3.1128574258585804,3.157901509281152,3.0312350114519995,2.737521172797836,4.0
3.213254482925451,3.075772065730289,2.764276674080028,3.151799164165499,3.110596002493122,4.0
3.107406909534931,2.942632958361088,3.3268811289839806,3.1142453262017114,2.842009187971562,4.0
2.691448411912464,2.8465335634417768,2.526075341339557,2.9478880311905753,3.025791410118399,4.0
2.758466713055535,2.890911281832906,3.3106565300289525,3.0214582671319326,3.3070687088069595,4.0
2.9630097165877927,2.964643457334701,2.560149190934456,3.1458577494405726,3.2201116480097385,4.0
2.931526391229354,2.9379391549339853,3.162607275598792,2.8527405820209246,2.843535136198385,4.0
3.0634196332326487,2.8787497304030367,3.1222115768159298,2.815938096950112,3.301901783826212,4.0
3.1312927368510373,3.0131702358200294,2.82527387349081,2.7884492200255027,2.820552593863484,4.0
2.713559340172605,3.268086063595526,3.0684149678153543,3.214125666086633,3.3478130070772525,4.0
3.261321204691366,3.0899233582990266,2.9177899108335215,3.14985991100124,3.0422275538238392,4.0
2.94786977186067,2.896960325809237,3.2158433552784467,3.2954925573306135,2.944978255241955,4.0
2.912598457432628,3.139633947747971,2.8729647202927593,3.1207353373914164,3.3473859211755475,4.0
2.91643311278109,3.00490264644088,3.3979386155030267,2.925366337403472,3.0282073463097103,4.0
2.811636905117999,2.8594330807533472,2.7242326056238655,3.5850499168141305,3.114350398242113,4.0
2.990824890159326,2.788587141705301,2.635061387356373,3.0483476576585073,2.9709696361769846,4.0
3.1003985327714934,3.138465768216394,3.2024550085514147,2.991564577456689,3.1244020929525385,4.0
2.9184927743596183,2.8297107202770553,2.932363346249958,3.153793548092518,3.1212995337058866,4.0
2.997477371533165,3.064485544574218,3.3215016685020142,2.6395179783007356,2.74898642070856,4.0
2.9973932481178047,3.1400714674354364,2.9569453530918968,3.1806176909738046,2.398512559111288,4.0
2.533906548469371,2.8864393424640955,3.5334644177768353,2.999986329485657,2.5517102064389814,4.0
2.927994053435226,3.123498776313568,3.192444476242345,3.0941097822389536,2.952839158923255,4.0
3.135757858842358,3.230723606316498,2.889053438833728,2.9752798477146096,2.9727804587979647,4.0
2.6588915187238795,2.7485807151519905,2.5362750024317915,3.0168675850356252,2.940465349541804,4.0
2.9321934248618953,2.9931192501607553,3.1038538377198903,2.8654833804660917,3.2347222451503415,4.0
2.6815541024694713,2.997270159840178,2.9803309019595248,3.169975414982313,2.901002858018893,4.0
3.21374617166715,2.953226717877094,2.9796389786559514,2.9701845674532326,3.139619248494033,4.0
3.170629632890281,2.8790518407712766,2.718221807606313,2.8037796767603416,3.033036613600394,4.0
2.9966708288974933,3.028186534142797,2.854965573988438,3.15914816301838,2.964712291747806,4.0
2.6733130940394827,3.0310699559630288,3.1094851996656985,3.0287520622433775,3.026044195843146,4.0
3.045434390296012,2.7892541743766928,3.306350604885186,2.934701283251129,3.2933690340951842,4.0
2.8891742264970057,3.19333507456804,3.0480359297454926,3.020062886726911,2.8122417086231226,4.0
3.241163711283432,3.083794402151695,2.9819499860048846,3.2414749973536,3.0177160394787035,4.0
3.4419611178581246,3.203335423990277,2.933858184838586,3.271676377574201,3.0121712769055717,4.0
3.401178288075035,3.016331672635426,2.984158126865645,3.0187936599510854,3.079901336615591,4.0
3.3098622520935703,3.0585713841284945,2.9786570149990044,2.9013079957862606,3.157136259153714,4.0
2.8891309738772937,2.7662339356065355,2.811550711938748,2.907014479123126,2.9751131257182326,4.0
3.210634413971257,2.8845512896514087,3.239425690493552,2.67245874257062,3.526920560167681,4.0
2.682715214955981,3.0396174076986275,2.956483996521698,2.8429370556314133,3.135281736908998,4.0
3.211442832838889,2.9655627779646867,3.2418769823927773,3.01281153840058,2.787244006651067,4.0
2.9841624988388324,2.894500786742246,3.0920429543210206,2.92016662154773,2.985163360930134,4.0
2.7829285115536937,3.2138712936249454,2.92887431530779,2.786104577842388,3.526294860369568,4.0
2.7174051252155924,3.1014860611604225,2.5672668877992435,3.061704549928165,3.0376227040036494,4.0
2.9495244062631656,2.7272911979090737,2.828293810969411,2.8386878450997344,2.765175274161899,4.0
2.8103908311067283,3.287025178260845,3.078241802434653,3.2661655300677612,2.802231579255574,4.0
2.913739352460864,2.6525900891106247,2.7619088535414056,2.9417773704608843,2.915878729425467,4.0
3.3554707551042027,3.021609314694374,2.9469800232515055,3.091892518415883,3.0053757105484786,4.0
2.7828592926804303,2.87462245120745,3.2797913765254614,3.260757540192876,3.051447063667235,4.0
3.203897046327863,3.3285618468784626,2.9116548575564503,3.0368629679597254,3.044218180591318,4.0
2.8346372936614066,3.0892863256149057,2.7712643961916053,3.0204519970343147,2.9462172216320788,4.0
3.085909423382545,2.7290277573033945,2.8957801049212293,3.3766328293266357,2.9730307898212667,4.0
3.0136288316359043,2.8660857230143746,3.009074185367349,3.0759542773077992,2.9048872035649955,4.0
2.950100739924165,2.9667080546632616,3.059147487769227,3.226103467042349,2.866134860268469,4.0
3.1611961321021904,3.1609211448230945,3.050966469068588,3.2163303505289367,3.0198136726164004,4.0
3.021563257407494,2.965289510191619,2.9459272416926265,2.9579003701947286,2.6278357652005786,4.0
3.120054730957353,2.935548719400158,2.706226824662669,3.1940643974450524,2.804891552412449,4.0
3.1718984271697366,2.851688805522667,3.191777517757994,3.3797842045752993,2.68098747197402,4.0
2.9490075583159765,3.1913617107131396,3.055937813942806,3.0563393026646897,3.1831206876473637,4.0
2.842227948633675,2.7433906081429607,2.8572380364160757,3.2667104324306853,2.847218709872223,4.0
2.6930083799256295,3.231356200294849,2.8975637177111198,2.9101982482779807,2.721225528874146,4.0
3.1060777472612364,3.113593204640903,2.88990882882875,2.7612535096295465,2.6215799964198503,4.0
3.1136116585807008,3.519299056230711,3.0808645822319303,3.1216643865318705,3.0293122435639144,4.0
3.0699153208826315,2.9533967085280075,3.0588377287866897,2.839798630084311,2.751861343534567,4.0
3.0222477315575142,3.019632448691856,2.7651155115512775,2.8897137163858018,2.9299853943854193,4.0
3.143156696648546,3.0317335097877907,2.9664779842016995,2.681556823042883,3.0540821118412524,4.0
3.105839848983509,3.4396224992370747,3.089266687195905,3.1848221391527147,3.1867321087944287,4.0
2.6374595649700168,2.975076396548356,2.966070931631504,2.908006094998994,3.171306759043739,4.0
3.3253441552605674,2.815106075203615,2.9688011609406257,3.084999502754157,2.844089718534047,4.0
2.57669276468809,2.956987394856276,2.779181858135566,2.612308209088313,3.18037940617367,4.0
3.3270962580563186,3.105785249462141,3.0831927854232757,3.0868166029294626,2.9844784069634103,4.0
3.0898337983560658,2.9737396185035183,2.8498130035895115,3.255530357073616,3.1497523104740504,4.0
3.531454609822835,2.836278544984057,2.710969767759435,3.2683526382546395,2.978962088895217,4.0
3.271357449010694,3.4028028185064283,2.725474070322453,2.828514319812609,2.6637423099353343,4.0
2.9698802691620094,2.8557872006438387,2.6118235143618875,3.0199810119176704,3.256367288985542,4.0
2.805984119718932,3.2490753098880667,3.1393742748200792,2.9870895962084933,2.7884319350039792,4.0
2.9061555447391645,3.4256790965076287,2.922151841039153,3.113922587458846,2.945140107315674,4.0
2.780316628467694,3.137944172392106,3.32984964837553,3.213026528237972,3.321808995177296,4.0
3.028603334858912,2.999488580959,3.105536095439249,2.955475748182114,2.901702996002337,4.0
2.681232098296091,3.2036746192097616,3.0099370431873145,2.6796302492824218,2.6363178586771525,4.0
3.3543313335584766,3.215120656642648,3.076680560149437,2.706600508009368,2.947043647443797,4.0
2.7935841975976783,2.9271129838918823,2.956625157813903,2.8549435906182685,2.7212461098928866,4.0
3.147741063558919,3.049869387122617,3.109710355680645,3.2269796398705086,3.220589480609745,4.0
3.332646046759496,3.1851732392176997,3.0918231892369783,2.9175309103420273,2.7420537302914605,4.0
3.118051801577407,2.941587877590473,3.399525258076766,2.899089405330641,3.05601569995744,4.0
3.056932830527139,2.7053532239016853,2.8469805663939,2.602667945043573,3.0549007240640806,4.0
3.0373361520925775,3.148752592280177,2.854962259582367,2.7880948851738028,2.9356074650234234,4.0
3.0826511942094994,2.7834011740715883,3.0763697347593393,3.0980506171268143,3.16406329962938,4.0
2.92850686626286,3.017427549990665,3.2457003792247567,2.8600062959761314,2.9923512754386814,4.0
3.4012052800353985,3.060809333303931,3.188654747465052,3.0600956743850896,3.201386764983818,4.0
3.0969360575903253,2.956116036847568,2.9519431234274776,2.954316076740174,3.131557676094696,4.0
3.0048744195211503,2.9966523423305103,3.016089035057042,3.0548998157458636,3.312649524447964,4.0
2.8146840604384127,3.21571425721947,2.914755937474822,2.932989633640453,2.970341485736689,4.0
2.7290830762803773,2.8730311345314377,2.972825586612494,2.880645835792104,3.2594163239850467,4.0
2.8351705462389094,2.9665494860793538,2.87919338287206,3.2502584665600014,2.73142667616822,4.0
3.083050158529593,3.239373948772572,3.281540765816606,3.0353774522917134,3.345666382353131,4.0
2.8096632892186433,2.8896846624808217,2.892176113027773,3.0514542718997624,2.5772136102648515,4.0
3.1897065844364914,3.2462552173078656,2.9423626936756215,3.251639387398796,3.1147512396754102,4.0
2.804625071801584,2.8617940952152754,2.8985417102901225,3.065750615227655,3.1881174526645517,4.0
3.1344014027650267,2.875944883353529,3.0225699266594557,2.8773592374737893,3.3164541367031695,4.0
2.9231123808131474,2.986525000282934,2.9433179981690687,2.7600964104724874,2.984193064517881,4.0
3.164374601339866,2.965849945622343,2.6697938545386597,2.958274867301126,2.857810586113123,4.0
3.0104693707638486,3.1930719337938243,2.85995830422349,2.968898491015938,3.0092722833374568,4.0
2.7144649175929,3.0705867640515265,2.941168275189254,2.808737600581572,2.730845346567576,4.0
2.9915003780412874,3.1641004127452916,3.0981990345392747,2.7643915353566215,2.9317841580927984,4.0
3.0917360252085824,3.2385617290124142,3.3015231053298737,3.0431859835550217,3.2152400647075283,4.0
2.7201288058430335,3.10172454718957,3.318485141466944,2.991711463717801,3.2751883158516097,4.0
3.2711208257058435,3.125065035725091,3.3351003513003867,2.941960773792559,2.9542009169821193,4.0
3.3049292861599233,3.0778389681323235,2.751411138902724,3.0054197952918633,3.5959952343517307,4.0
2.5262393094733686,3.2644388316401605,2.8982649496232256,3.105687753063224,3.165043344466087,4.0
2.730313679789346,2.6883751712995503,2.8260269048203654,2.980432333420542,2.663499770281386,4.0
3.131251911704078,3.1184463367257607,3.059667017050869,3.0449569319341117,2.7362244180987187,4.0
2.936819112834671,3.0083355029784205,3.1547034800742804,3.0261963411141326,3.333431843692071,4.0
3.1248894638500864,3.010912276940999,3.090479883620739,3.322959275817205,2.7746318289262932,4.0
2.9279831762858053,2.930061795111208,2.8658482967470844,2.8086839982370746,3.119587841200223,4.0
2.908645121237425,3.122219189176983,2.9079092567883165,2.7475961579047117,3.239609454927648,4.0
3.3596824163854633,3.0449357710547167,3.1046170651274387,3.347353408780316,3.10173069765258,4.0
3.2330077692560026,3.1426240633065206,3.263995380775162,3.062221883460958,3.0597864759084223,4.0
3.1217345398679974,2.7300907288246923,2.8253367322498772,3.272208369178839,3.2841309521794484,4.0
3.086074832718967,2.809601664549355,3.2405535721228547,3.0159852530032643,2.765947769590791,4.0
3.1239085648505376,3.1784978009113343,3.175222953225043,2.9380838175639092,2.896079152179632,4.0
2.7386256714392614,3.303919770637438,3.0425722774313817,3.313299576177721,2.9482189198154516,4.0
3.34229779757999,2.635836760174932,3.032698903369605,2.837376595433368,2.878929084072918,4.0
2.7344952390433166,2.8711656770337077,3.3817766870410417,2.8872909380596803,3.2164945107960508,4.0
2.6096178343399226,3.4882432318633056,2.996542982826543,3.182456405514323,3.2479316994744662,4.0
2.8853265198865614,3.084977897373767,2.945747996953615,2.8632864910216322,2.6925124780192955,4.0
2.9797251144115906,3.1493331434836036,3.185836362033468,3.0458836015284567,3.082881175343395,4.0
